{
  "12_06_001": {
    "position": {
      "x": 0,
      "y": 0.930789,
      "z": -0.14073101647257993
    },
    "rotation": {
      "x": 0,
      "y": 0,
      "z": 0
    }
  },
  "b04_faucet1": {
    "position": {
      "x": 0,
      "y": 0.930789,
      "z": -0.1
    },
    "rotation": {
      "x": 0,
      "y": 0,
      "z": 0
    }
  },
  "b04_p22732_cc_cp_2013": {
    "position": {
      "x": 0,
      "y": 0.930789,
      "z": -0.18284725241470368
    },
    "rotation": {
      "x": 0,
      "y": 0,
      "z": 0
    }
  },
  "b04_p25050_slc_ad_2013": {
    "position": {
      "x": 0,
      "y": 0.930789,
      "z": -0.21436415083813679
    },
    "rotation": {
      "x": 0,
      "y": 0,
      "z": 0
    }
  },
  "b05_p24409_00_cp_2013": {
    "position": {
      "x": 0,
      "y": 0.930789,
      "z": -0.1867605
    },
    "rotation": {
      "x": 0,
      "y": 0,
      "z": 0
    }
  },
  "brizo_solna": {
    "position": {
      "x": 0,
      "y": 0.930789,
      "z": -0.1867605
    },
    "rotation": {
      "x": 0,
      "y": 0,
      "z": 0
    }
  },
  "kitchen_faucet": {
    "position": {
      "x": 0,
      "y": 0.930789,
      "z": -0.1287605
    },
    "rotation": {
      "x": 0,
      "y": 90,
      "z": 0
    }
  },
  "pixamoon_free_test_faucet_001_publish": {
    "position": {
      "x": 0,
      "y": 0.930789,
      "z": -0.1617605
    },
    "rotation": {
      "x": 0,
      "y": 0,
      "z": 0
    }
  }
}