{"cf": [2569.1599510052, 3095.2850069189, 1880.0147085395, 8842.7194926606, 4058.9459369914, 4495.8204272024, 3696.3492524913, 4316.1083442041, 8362.9659283204, 10603.6450171386], "op": [-57.123257395, -60.524293903600004, -56.8765799687, -70.74646035500001, -62.5292738717, -65.2073205003, -65.1541454331, -69.04931188020001, -71.9382109345, -67.82586429380001], "rt": [0.4725034515, 0.4622180702, 0.3850576908, 0.6702412675, 0.3301207407, 0.4206115871, 0.21508103350000002, 1.0188186108, 1.0751118953, 0.1672312933], "synthMethod": "matchedMode"}