{"cf": [8618.8251868091, 7994.3257364785, 7540.3437655324, 3041.0276585597, 4585.123226781, 3986.027194212, 9148.4433627978, 9758.7305093829, 3134.7880103537, 7236.8702795436], "op": [5.5943763435000005, 4.4275948548, 16.6778031299, 13.6599558491, 14.0116816162, 13.9894292309, 2.8709123791, 4.5977132561000005, 10.0460990292, 0.35483319480000003], "rt": [0.3608022121, 0.23581705, 0.39086113580000004, 0.1303230836, 0.1446607224, 0.1351665013, 0.2223640623, 0.1417545638, 0.1231439812, 0.2050600566], "synthMethod": "matchedMode"}