{"cf": [1196.7130326798, 2974.7693619937, 3474.308948899, 4769.622445339, 2262.1320215283, 3764.3160746582, 1843.9669520913, 2249.2358308401, 7650.1599068772, 5993.8477643762], "op": [5.9979836322, 12.0354782613, 5.0704212996, 4.8243008975, -2.1559109589, -3.1493732648, 0.8778119602000001, -6.4384526051, -3.9187409362, -7.4910429518], "rt": [0.8526366902, 0.1290082735, 0.2122123118, 0.147389922, 0.21624756620000002, 0.3675193337, 0.1589499697, -0.3055759535, 0.2662414434, 0.27024224420000004], "synthMethod": "matchedMode"}