{"cf": [2377.0069252999, 1730.2509358018, 1564.9297059694, 1380.5439479537, 1900.8765406038, 1143.0246443955, 2283.257204175, 861.0187146343, 1262.6883926583, 2936.2560376854], "op": [-52.5508445678, -47.7356908989, -56.5390140098, -60.4129306987, -46.8075849728, -49.302885011, -57.8940409089, -52.0834031063, -60.4706529966, -68.2574076731], "rt": [0.4360170967, 0.2490242999, 0.4224104162, 0.5846408037, 0.226545082, 0.2511730035, 0.3370060823, 0.1404192058, 0.5544975231, 0.6921462646000001], "synthMethod": "matchedMode"}