{"cf": [4739.5177830306, 4060.32683565, 2008.7455016973, 3074.1458539882, 1653.9725131341, 3527.9675616677, 2512.7926122601, 3699.4534973286, 7801.3138139886, 6874.2150552399], "op": [-53.6681331643, -52.2871581923, -57.3339426786, -42.4665966413, -55.891667399300005, -58.8844439672, -59.5147033257, -59.2368398604, -65.8560122942, -62.954192089900005], "rt": [0.3278354097, 0.5983540985, 0.2502364868, 0.1610977962, 0.1385437044, 0.2704809691, 0.32029469520000003, 0.2320877543, 0.5326908007, 0.3822094567], "synthMethod": "matchedMode"}