{"cf": [795.2482855261, 1392.1473815035, 3028.398264881, 2152.7872450422, 3569.1672004052, 6335.3344447194, 10212.3184675901, 8425.4317872273, 8551.9057992976, 5648.493918267], "op": [17.6599866092, 3.6950970660999998, 20.3392204921, 12.0979816321, 4.5827702922, 15.172901895, 12.6849247075, 6.9906213527, -4.5454202206000005, -2.7155244182000002], "rt": [0.4976162528, 0.28867430040000003, 0.12417150240000001, 0.6048337554000001, 0.3367966907, 0.1030797031, 0.1366202703, 0.1644014795, 0.47194375, 0.6195585967], "synthMethod": "matchedMode"}