{"cf": [1013.9691990962, 3427.7235548562, 1205.6662884196, 4117.3809165122, 552.425239914, 1240.6050388665, 987.4500085176, 3025.7748032627, 642.9064828269, 728.4551623888], "op": [15.4259057986, 11.3451478054, 1.8060696665, 11.2142537577, 8.7754101936, 10.3586278426, 5.5350889509, 2.8325673078999998, 5.8991811664, 7.1670368927], "rt": [8.6389941927, 5.6164214357999995, -3.2811402317000002, 2.1847756762, 1.8697521923, 0.5580163296, 5.4691603579, 4.7531328293, 3.072788364, 0.6088296367], "synthMethod": "matchedMode"}