{"cf": [596.0643808143, 1218.3660898629, 1725.5338359226, 4122.1267696416, 2417.9176509697, 2207.3305443527, 4224.5791912511, 5166.7001747945, 3426.4674208387, 3698.9598107593], "op": [-55.9826703944, -52.0074354935, -55.255520707900004, -62.252771452000005, -67.4513358114, -67.7580210441, -64.5836047792, -70.91046175860001, -68.7046289434, -74.51694095330001], "rt": [0.7682455883, 0.1352346827, 0.1396494901, 0.1642789918, 0.5877446649, 0.21218026980000002, 0.1513524865, 0.3243819774, 0.20716535830000002, 0.679638468], "synthMethod": "matchedMode"}