{
  "mm_craftroom_1a": {
    "walls": [
      1,
      4,
      8
    ],
    "x_max": 3.6836471557617188,
    "x_min": -3.0163540840148926,
    "z_max": 3.4539363384246826,
    "z_min": -3.448262929916382
  },
  "mm_craftroom_1b": {
    "walls": [
      1,
      4,
      8
    ],
    "x_max": 3.6836471557617188,
    "x_min": -3.0163540840148926,
    "z_max": 3.4539363384246826,
    "z_min": -3.448262929916382
  },
  "mm_craftroom_2a": {
    "walls": [
      1,
      4,
      8,
      2
    ],
    "x_max": 2.3584563732147217,
    "x_min": -2.358456611633301,
    "z_max": 2.9720916748046875,
    "z_min": -2.9720916748046875
  },
  "mm_craftroom_2b": {
    "walls": [
      1,
      4,
      8,
      2
    ],
    "x_max": 2.3584563732147217,
    "x_min": -2.358456611633301,
    "z_max": 2.9720916748046875,
    "z_min": -2.9720916748046875
  },
  "mm_craftroom_3a": {
    "walls": [
      1,
      4,
      8,
      2
    ],
    "x_max": 1.651242971420288,
    "x_min": -1.6562306880950928,
    "z_max": 3.457376003265381,
    "z_min": -3.457376003265381
  },
  "mm_craftroom_3b": {
    "walls": [
      1,
      4,
      8,
      2
    ],
    "x_max": 1.651242971420288,
    "x_min": -1.6562306880950928,
    "z_max": 3.457376003265381,
    "z_min": -3.457376003265381
  },
  "mm_craftroom_4a": {
    "walls": [
      1,
      8,
      2
    ],
    "x_max": 3.3499999046325684,
    "x_min": -3.3499996662139893,
    "z_max": 3.3499996662139893,
    "z_min": -3.3499999046325684
  },
  "mm_craftroom_4b": {
    "walls": [
      1,
      8,
      2
    ],
    "x_max": 3.3499999046325684,
    "x_min": -3.3499996662139893,
    "z_max": 3.3499996662139893,
    "z_min": -3.3499999046325684
  },
  "mm_kitchen_1a": {
    "walls": [
      1,
      4,
      8
    ],
    "x_max": 3.6836471557617188,
    "x_min": -3.0163540840148926,
    "z_max": 3.4539363384246826,
    "z_min": -3.448262929916382
  },
  "mm_kitchen_1b": {
    "walls": [
      1,
      4,
      8
    ],
    "x_max": 3.6836471557617188,
    "x_min": -3.0163540840148926,
    "z_max": 3.4539363384246826,
    "z_min": -3.448262929916382
  },
  "mm_kitchen_2a": {
    "walls": [
      1,
      4,
      8,
      2
    ],
    "x_max": 2.3584563732147217,
    "x_min": -2.358456611633301,
    "z_max": 2.9720916748046875,
    "z_min": -2.9720916748046875
  },
  "mm_kitchen_2b": {
    "walls": [
      1,
      4,
      8,
      2
    ],
    "x_max": 2.3584563732147217,
    "x_min": -2.358456611633301,
    "z_max": 2.9720916748046875,
    "z_min": -2.9720916748046875
  },
  "mm_kitchen_3a": {
    "walls": [
      1,
      4,
      8,
      2
    ],
    "x_max": 1.651242971420288,
    "x_min": -1.6562306880950928,
    "z_max": 3.457376003265381,
    "z_min": -3.457376003265381
  },
  "mm_kitchen_3b": {
    "walls": [
      1,
      4,
      8,
      2
    ],
    "x_max": 1.651242971420288,
    "x_min": -1.6562306880950928,
    "z_max": 3.457376003265381,
    "z_min": -3.457376003265381
  },
  "mm_kitchen_4a": {
    "walls": [
      1,
      8,
      2
    ],
    "x_max": 3.3499999046325684,
    "x_min": -3.3499996662139893,
    "z_max": 3.3499996662139893,
    "z_min": -3.3499999046325684
  },
  "mm_kitchen_4b": {
    "walls": [
      1,
      8,
      2
    ],
    "x_max": 3.3499999046325684,
    "x_min": -3.3499996662139893,
    "z_max": 3.3499996662139893,
    "z_min": -3.3499999046325684
  }
}