{
  "baking_sheet01": {
    "box": [
      {
        "position": {
          "x": 0,
          "y": 0.007045363058685466,
          "z": 0
        },
        "scale": {
          "x": 0.5239838659763336,
          "y": 0.013532622682629435,
          "z": 0.3464757055044174
        }
      }
    ]
  },
  "baking_sheet07": {
    "box": [
      {
        "position": {
          "x": 0,
          "y": 0.009352270716891277,
          "z": 0
        },
        "scale": {
          "x": 0.5469854772090912,
          "y": 0.017712424566217935,
          "z": 0.3587488532066345
        }
      }
    ]
  },
  "basket_18inx18inx12iin_bamboo": {
    "box": [
      {
        "position": {
          "x": 0,
          "y": 0.15855943473055972,
          "z": 0
        },
        "scale": {
          "x": 0.43969230353832245,
          "y": 0.2928811305388811,
          "z": 0.43977804481983185
        }
      }
    ]
  },
  "basket_18inx18inx12iin_plastic_lattice": {
    "box": [
      {
        "position": {
          "x": 0,
          "y": 0.1585592922382058,
          "z": 0
        },
        "scale": {
          "x": 0.43969251215457916,
          "y": 0.29288141552358893,
          "z": 0.43977825343608856
        }
      }
    ]
  },
  "basket_18inx18inx12iin_wicker": {
    "box": [
      {
        "position": {
          "x": 0,
          "y": 0.15855945987626924,
          "z": 0
        },
        "scale": {
          "x": 0.4396916776895523,
          "y": 0.29288108024746207,
          "z": 0.43977740406990057
        }
      }
    ]
  },
  "basket_18inx18inx12iin_wood_mesh": {
    "box": [
      {
        "position": {
          "x": 0,
          "y": 0.15855949573218836,
          "z": 0
        },
        "scale": {
          "x": 0.43969103693962097,
          "y": 0.2928810085356238,
          "z": 0.43977680802345276
        }
      }
    ]
  },
  "teatray": {
    "box": [
      {
        "position": {
          "x": 0,
          "y": 0.03384543762467865,
          "z": 0
        },
        "scale": {
          "x": 0.5422469675540924,
          "y": 0.056909687685222705,
          "z": 0.38503120839595795
        }
      }
    ]
  }
}