{
  "24_in_wall_cabinet_white_wood": {
    "cube": [
      {
        "position": {
          "x": 0.00011101365089416504,
          "y": 0.7634633779525757,
          "z": 0.03978494554758072
        },
        "scale": {
          "x": 0.5941412448883057,
          "y": 0.01,
          "z": 0.3185716420412287
        }
      }
    ]
  },
  "24_in_wall_cabinet_wood_beach_honey": {
    "cube": [
      {
        "position": {
          "x": 0.00011101365089416504,
          "y": 0.7634633779525757,
          "z": 0.03978494554758072
        },
        "scale": {
          "x": 0.5941412448883057,
          "y": 0.01,
          "z": 0.3185716420412287
        }
      }
    ]
  },
  "36_in_wall_cabinet_white_wood": {
    "cube": [
      {
        "position": {
          "x": 0.002172991633415222,
          "y": 0.7623476982116699,
          "z": -0.08662381395697594
        },
        "scale": {
          "x": 0.8944849669933319,
          "y": 0.01,
          "z": 0.3653625324368477
        }
      }
    ]
  },
  "36_in_wall_cabinet_wood_beach_honey": {
    "cube": [
      {
        "position": {
          "x": 0.002172991633415222,
          "y": 0.7623476982116699,
          "z": -0.08662381023168564
        },
        "scale": {
          "x": 0.8944849669933319,
          "y": 0.01,
          "z": 0.3653625398874283
        }
      }
    ]
  },
  "appliance-ge-profile-microwave": {
    "cube": [
      {
        "position": {
          "x": -0.06556807458400726,
          "y": 0.4293457269668579,
          "z": -0.006298981606960297
        },
        "scale": {
          "x": 0.7740341126918793,
          "y": 0.01,
          "z": 0.39931119978427887
        }
      }
    ]
  },
  "appliance-ge-profile-microwave3": {
    "cube": [
      {
        "position": {
          "x": -1.0520219802856445e-05,
          "y": 0.4433303475379944,
          "z": 0.0029679760336875916
        },
        "scale": {
          "x": 0.7735477685928345,
          "y": 0.01,
          "z": 0.3991474062204361
        }
      }
    ]
  },
  "b03_bosch_cbg675bs1b_2013__vray_composite": {
    "cube": [
      {
        "position": {
          "x": 0.0011610090732574463,
          "y": 0.4185781180858612,
          "z": -0.022166863083839417
        },
        "scale": {
          "x": 0.5704358220100403,
          "y": 0.01,
          "z": 0.4694499671459198
        }
      }
    ]
  },
  "b03_db_apps_tech_08_04_composite": {
    "cube": [
      {
        "position": {
          "x": -0.00048401951789855957,
          "y": 0.8122755289077759,
          "z": -0.001985013484954834
        },
        "scale": {
          "x": 0.6062985062599182,
          "y": 0.01,
          "z": 0.5962182283401608
        }
      }
    ]
  },
  "b03_db_apps_tech_08_07_composite": {
    "cube": [
      {
        "position": {
          "x": 0.00038452446460723877,
          "y": 0.8103125095367432,
          "z": -0.011436939239501953
        },
        "scale": {
          "x": 0.5878051817417145,
          "y": 0.01,
          "z": 0.5997018218040466
        }
      }
    ]
  },
  "b03_db_apps_tech_08_08_composite": {
    "cube": [
      {
        "position": {
          "x": -1.983344554901123e-05,
          "y": 0.8503814935684204,
          "z": -0.004254266619682312
        },
        "scale": {
          "x": 0.6170659959316254,
          "y": 0.01,
          "z": 0.63584628701217
        }
      }
    ]
  },
  "b03_ka90ivi20r_2013__vray": {
    "cube": [
      {
        "position": {
          "x": -0.0008600950241088867,
          "y": 1.7696609497070312,
          "z": -0.02350139617919922
        },
        "scale": {
          "x": 0.91398024559021,
          "y": 0.01,
          "z": 0.6501350402832031
        }
      }
    ]
  },
  "b04_db_apps_tech_08_03": {
    "cube": [
      {
        "position": {
          "x": 0.0003960132598876953,
          "y": 0.844970703125,
          "z": 0.009274214506149292
        },
        "scale": {
          "x": 0.6023721694946289,
          "y": 0.01,
          "z": 0.583155632019043
        }
      }
    ]
  },
  "b05_db_apps_tech_06_02_2": {
    "cube": [
      {
        "position": {
          "x": -0.0015764236450195312,
          "y": 1.5949326753616333,
          "z": -0.019166946411132812
        },
        "scale": {
          "x": 0.8153533935546875,
          "y": 0.01,
          "z": 0.6455259323120117
        }
      }
    ]
  },
  "b05_db_apps_tech_08_09_composite": {
    "cube": [
      {
        "position": {
          "x": 0.00011947751045227051,
          "y": 0.8896682262420654,
          "z": -0.006099998950958252
        },
        "scale": {
          "x": 0.6463433504104614,
          "y": 0.01,
          "z": 0.6016162037849426
        }
      }
    ]
  },
  "b05_whirlpool_microwave_wmc30516as_v-ray": {
    "cube": [
      {
        "position": {
          "x": -2.384185791015625e-07,
          "y": 0.3314666748046875,
          "z": 0.00039899349212646484
        },
        "scale": {
          "x": 0.544560432434082,
          "y": 0.01,
          "z": 0.4328901767730713
        }
      }
    ]
  },
  "baking_sheet01": {
    "cube": [
      {
        "position": {
          "x": 0,
          "y": 0.007045363058685466,
          "z": 0
        },
        "scale": {
          "x": 0.5239838659763336,
          "y": 0.013532622682629435,
          "z": 0.3464757055044174
        }
      }
    ]
  },
  "baking_sheet07": {
    "cube": [
      {
        "position": {
          "x": 0,
          "y": 0.009352270716891277,
          "z": 0
        },
        "scale": {
          "x": 0.5469854772090912,
          "y": 0.017712424566217935,
          "z": 0.3587488532066345
        }
      }
    ]
  },
  "basket_18inx18inx12iin_bamboo": {
    "cube": [
      {
        "position": {
          "x": 0,
          "y": 0.15855943473055972,
          "z": 0
        },
        "scale": {
          "x": 0.43969230353832245,
          "y": 0.2928811305388811,
          "z": 0.43977804481983185
        }
      }
    ]
  },
  "basket_18inx18inx12iin_plastic_lattice": {
    "cube": [
      {
        "position": {
          "x": 0,
          "y": 0.1585592922382058,
          "z": 0
        },
        "scale": {
          "x": 0.43969251215457916,
          "y": 0.29288141552358893,
          "z": 0.43977825343608856
        }
      }
    ]
  },
  "basket_18inx18inx12iin_wicker": {
    "cube": [
      {
        "position": {
          "x": 0,
          "y": 0.15855945987626924,
          "z": 0
        },
        "scale": {
          "x": 0.4396916776895523,
          "y": 0.29288108024746207,
          "z": 0.43977740406990057
        }
      }
    ]
  },
  "basket_18inx18inx12iin_wood_mesh": {
    "cube": [
      {
        "position": {
          "x": 0,
          "y": 0.15855949573218836,
          "z": 0
        },
        "scale": {
          "x": 0.43969103693962097,
          "y": 0.2928810085356238,
          "z": 0.43977680802345276
        }
      }
    ]
  },
  "cabinet_24_door_drawer_wood_beach_honey": {
    "cube": [
      {
        "position": {
          "x": -1.4215707778930664e-05,
          "y": 0.918108344078064,
          "z": 0.002481207251548767
        },
        "scale": {
          "x": 0.6099988222122192,
          "y": 0.01,
          "z": 0.6340899765491486
        }
      }
    ]
  },
  "cabinet_24_singledoor_wood_beach_honey": {
    "cube": [
      {
        "position": {
          "x": 0.0005320757627487183,
          "y": 0.9183565974235535,
          "z": 0.00152587890625
        },
        "scale": {
          "x": 0.6097297370433807,
          "y": 0.01,
          "z": 0.6350972056388855
        }
      }
    ]
  },
  "cabinet_24_two_drawer_white_wood": {
    "cube": [
      {
        "position": {
          "x": 0.0005681216716766357,
          "y": 0.918505072593689,
          "z": 0.002624034881591797
        },
        "scale": {
          "x": 0.6094990968704224,
          "y": 0.01,