{"mm_craftroom_1": [{"main_region": {"bounds": {"region_id": 0, "center": [2.9284956455230713, -0.09139132499694824, -0.029148340225219727], "bounds": [1.4703888893127441, 2.892470359802246, 3.383854389190674], "x_min": -3.0163540840148926, "y_min": -1.5376265048980713, "z_min": -3.448262929916382, "x_max": 2.1751084327697754, "y_max": 1.3548438549041748, "z_max": 3.443080425262451}, "walls": {"region": 0, "non_continuous_walls": 3, "walls_with_windows": 4}}, "alcoves": [{"bounds": {"region_id": 1, "center": [-0.41321849822998047, -0.09139132499694824, -0.019994735717773438], "bounds": [5.176653861999512, 2.892470359802246, 6.926150321960449], "x_min": 2.193301200866699, "y_min": -1.5376265048980713, "z_min": -1.7262117862701416, "x_max": 3.6836471557617188, "y_max": 1.3548438549041748, "z_max": 1.6679892539978027}, "walls": {"region": 1, "non_continuous_walls": 8, "walls_with_windows": 2}}]}], "mm_craftroom_2": [{"main_region": {"bounds": {"region_id": 0, "center": [0.0010390281677246094, -0.09139132499694824, -0.019994735717773438], "bounds": [4.738027572631836, 2.892470359802246, 5.9514265060424805], "x_min": -2.358456611633301, "y_min": -1.5376265048980713, "z_min": -2.9720916748046875, "x_max": 2.3584563732147217, "y_max": 1.3548438549041748, "z_max": 2.955718517303467}, "walls": {"region": 0, "non_continuous_walls": 1, "walls_with_windows": 6}}, "alcoves": []}], "mm_craftroom_3": [{"main_region": {"bounds": {"region_id": 0, "center": [-0.014862656593322754, -0.09139132499694824, -0.003818511962890625], "bounds": [3.3245527744293213, 2.892470359802246, 6.899672508239746], "x_min": -1.6562306880950928, "y_min": -1.5376265048980713, "z_min": -3.457376003265381, "x_max": 1.651242971420288, "y_max": 1.3548438549041748, "z_max": 3.4460177421569824}, "walls": {"region": 0, "non_continuous_walls": 1, "walls_with_windows": 6}}, "alcoves": []}], "mm_craftroom_4": [{"main_region": {"bounds": {"region_id": 1, "center": [-0.009171724319458008, -0.09139132499694824, 2.3008899688720703], "bounds": [6.704792499542236, 2.892470359802246, 2.153679847717285], "x_min": -1.8499997854232788, "y_min": -1.5376265048980713, "z_min": -3.3499999046325684, "x_max": 1.850000023841858, "y_max": 1.3548438549041748, "z_max": 1.2266688346862793}, "walls": {"region": 1, "non_continuous_walls": 1, "walls_with_windows": 14}}, "alcoves": [{"bounds": {"region_id": 0, "center": [-0.014862537384033203, -0.09139132499694824, -1.0622773170471191], "bounds": [3.7115163803100586, 2.892470359802246, 4.577892303466797], "x_min": -3.3499996662139893, "y_min": -1.5376265048980713, "z_min": 1.2240500450134277, "x_max": 3.3499999046325684, "y_max": 1.3548438549041748, "z_max": 3.377729892730713}, "walls": {"region": 0, "non_continuous_walls": 5, "walls_with_windows": 0}}]}], "mm_kitchen_1": [{"main_region": {"bounds": {"region_id": 0, "center": [2.9284956455230713, -0.09139132499694824, -0.029148340225219727], "bounds": [1.4703888893127441, 2.892470359802246, 3.383854389190674], "x_min": -3.0163540840148926, "y_min": -1.5376265048980713, "z_min": -3.448262929916382, "x_max": 2.1751084327697754, "y_max": 1.3548438549041748, "z_max": 3.443080425262451}, "walls": {"region": 0, "non_continuous_walls": 3, "walls_with_windows": 4}}, "alcoves": [{"bounds": {"region_id": 1, "center": [-0.41321849822998047, -0.09139132499694824, -0.019994735717773438], "bounds": [5.176653861999512, 2.892470359802246, 6.926150321960449], "x_min": 2.193301200866699, "y_min": -1.5376265048980713, "z_min": -1.7262117862701416, "x_max": 3.6836471557617188, "y_max": 1.3548438549041748, "z_max": 1.6679892539978027}, "walls": {"region": 1, "non_continuous_walls": 8, "walls_with_windows": 2}}]}], "mm_kitchen_2": [{"main_region": {"bounds": {"region_id": 0, "center": [0.0010390281677246094, -0.09139132499694824, -0.019994735717773438], "bounds": [4.738027572631836, 2.892470359802246, 5.9514265060424805], "x_min": -2.358456611633301, "y_min": -1.5376265048980713, "z_min": -2.9720916748046875, "x_max": 2.3584563732147217, "y_max": 1.3548438549041748, "z_max": 2.955718517303467}, "walls": {"region": 0, "non_continuous_walls": 1, "walls_with_windows": 6}}, "alcoves": []}], "mm_kitchen_3": [{"main_region": {"bounds": {"region_id": 0, "center": [-0.014862656593322754, -0.09139132499694824, -0.003818511962890625], "bounds": [3.3245527744293213, 2.892470359802246, 6.899672508239746], "x_min": -1.6562306880950928, "y_min": -1.5376265048980713, "z_min": -3.457376003265381, "x_max": 1.651242971420288, "y_max": 1.3548438549041748, "z_max": 3.4460177421569824}, "walls": {"region": 0, "non_continuous_walls": 1, "walls_with_windows": 6}}, "alcoves": []}], "mm_kitchen_4": [{"main_region": {"bounds": {"region_id": 1, "center": [-0.009171724319458008, -0.09139132499694824, 2.3008899688720703], "bounds": [6.704792499542236, 2.892470359802246, 2.153679847717285], "x_min": -1.8499997854232788, "y_min": -1.5376265048980713, "z_min": -3.3499999046325684, "x_max": 1.850000023841858, "y_max": 1.3548438549041748, "z_max": 1.2266688346862793}, "walls": {"region": 1, "non_continuous_walls": 1, "walls_with_windows": 14}}, "alcoves": [{"bounds": {"region_id": 0, "center": [-0.014862537384033203, -0.09139132499694824, -1.0622773170471191], "bounds": [3.7115163803100586, 2.892470359802246, 4.577892303466797], "x_min": -3.3499996662139893, "y_min": -1.5376265048980713, "z_min": 1.2240500450134277, "x_max": 3.3499999046325684, "y_max": 1.3548438549041748, "z_max": 3.377729892730713}, "walls": {"region": 0, "non_continuous_walls": 5, "walls_with_windows": 0}}]}]}