{"cf": [1231.5136008285, 2876.5949294963, 332.7595069971, 3454.3820057616, 4568.0544958769, 2286.2918810877, 7617.5110065596, 3892.9532566927, 7430.3202664308, 5180.0458571072], "op": [-26.743542954949998, -32.00106836685, -47.06174435045, -60.39398291405, -62.15807927385, -64.47381735825, -67.72635052925, -69.45088099215, -66.90214572215, -70.83804676655001], "rt": [0.0320990862, 0.0401280875, 0.048011078400000004, 0.0521371806, 0.0358883947, 0.0518571741, 0.06438629180000001, 0.041414243600000004, 0.0499038939, 0.0459515904], "synthMethod": "matchedMode"}