{"cf": [1257.6449156027, 267.6571611601, 414.3220501939, 787.2865234048, 2901.2798873215, 3165.8742853052, 2042.9067086963, 2438.4866649291, 2224.1103103075, 3522.3002379014], "op": [-57.19387696505, -48.58246567845, -57.75324537225, -62.27494833345, -69.50007699385, -71.90541234975001, -69.57950449635, -71.50883120095, -73.44540546805, -73.47266760195001], "rt": [0.0504211981, 0.040735663000000005, 0.038005271800000004, 0.033773035300000004, 0.05978943900000001, 0.0907442821, 0.0373780734, 0.0486088827, 0.060527774900000005, 0.1205466696], "synthMethod": "matchedMode"}