{"cf": [251.3742146179, 859.721686579, 2767.1879500025, 1026.1754080048, 5465.9619097419, 4456.6569237256, 5281.7974781411, 4995.9157099765, 1271.366480031, 3722.8615842665], "op": [-35.092159318949996, -62.49760414785, -56.16763984815, -65.25086416445001, -62.462893610150005, -65.92162424855, -68.76438817294999, -64.20644676995, -67.50951530995, -70.39365220325], "rt": [0.0630946419, 0.055384376900000004, 0.0309766057, 0.055280153000000005, 0.0306726164, 0.046317294700000004, 0.052028476500000004, 0.0342647473, 0.0455404824, 0.048448983200000004], "synthMethod": "matchedMode"}