{"cf": [2931.1171655896, 11373.9188739415, 7779.125729693, 688.9176580777, 399.8152888652, 11900.6283540743, 6784.0197017285, 4373.744827317, 2800.5089424997, 12402.4138400875], "op": [-44.69946963745, -54.67239846935, -36.18411983635, -62.798692197950004, -45.19401825965, -44.45375174665, -50.33790115035, -49.36995477245, -55.22448071425, -51.29538340295], "rt": [0.0924415646, 0.1093882183, 0.0754238052, 0.2056837219, 0.046509514, 0.0877986149, 0.0725986945, 0.0792549528, 0.10127156030000001, 0.0539693689], "synthMethod": "matchedMode"}