{"cf": [308.4682531644, 2939.9677312163, 872.6120744297, 1462.8814810976, 3625.094428342, 4467.7126886137, 3458.6871672882, 4640.6729124252, 1998.694107598, 4930.1148876878], "op": [-31.61740955545, -45.348799440250005, -55.72638661165, -49.80018758535, -49.17464836655, -58.606986615850005, -54.11251298725, -54.42716284395, -61.091231892050004, -65.68072067655], "rt": [0.0781780633, 0.0756971897, 0.0565816624, 0.045731719500000004, 0.0543107384, 0.0668168538, 0.06636509780000001, 0.0460904007, 0.0728551541, 0.08728015580000001], "synthMethod": "matchedMode"}