{"cf": [700.8854803755, 2983.5828634231, 2300.754798537, 3448.2180514063, 2155.602036533, 1880.2603680946, 3707.6731786546, 3976.7225321566, 6666.8173705872, 5007.5892789177], "op": [-48.42993358615, -46.64513888215, -52.708035489349996, -54.41379883265, -54.31620648095, -56.75729182415, -52.99506307825, -57.24822587685, -59.24134897815, -61.77297123195], "rt": [0.0314472013, 0.0545776836, 0.04302085, 0.055750962700000004, 0.0448031765, 0.0480260489, 0.0477669788, 0.045635990700000004, 0.0334670006, 0.049312368], "synthMethod": "matchedMode"}