{"cf": [3072.1744170317, 4668.1681237156, 7968.0770498435, 6903.1430261208, 9668.1019141945, 12358.7875076023, 10086.9904446445, 10454.1753648623, 11046.1978324043, 13940.3698369716], "op": [-41.04500992515, -37.02485304095, -57.80668894225, -56.84839585395, -64.71287082505, -71.02779697355, -67.58824090865, -67.28117185315, -74.17603850325, -71.14687052984999], "rt": [0.0396552907, 0.029503076700000002, 0.031066336400000002, 0.0314395635, 0.024257014900000002, 0.021703723100000002, 0.0212765797, 0.017395303600000002, 0.0249908854, 0.0193912584], "synthMethod": "matchedMode"}