{"cf": [386.2299791215, 705.7024079362, 1094.747040655, 1666.8940048346, 1842.1074439431, 2936.0953288273, 4650.8298430464, 4150.782580023, 4326.644116928, 6087.3515421399], "op": [-17.129990877650002, -36.773472173049996, -48.263062555350004, -44.991108005849995, -44.462819019950004, -49.712791587750004, -62.00629155755, -61.14434764015, -59.23879462165, -69.91153101075], "rt": [0.0746628898, 0.1204889828, 0.0760102504, 0.068608629, 0.0541682703, 0.0863230784, 0.058436541200000004, 0.0506497273, 0.0347668932, 0.050439617000000006], "synthMethod": "matchedMode"}