{"cf": [777.8983909968, 1098.7943087299, 2871.8013737434, 4539.554327304, 5156.7758182101, 2072.3434603921, 3448.5278484364, 3840.2753559053, 2347.4215655778, 6639.6211157145], "op": [-45.20978633285, -54.45173217735, -44.131191233950005, -55.24392248615, -63.91868374835, -61.924823797849996, -63.10187240825, -74.44518324885, -61.57442512995, -69.85850538445], "rt": [0.037992258800000005, 0.0386346585, 0.0648236304, 0.0573686845, 0.0501720043, 0.0591803731, 0.0803328531, 0.0911475422, 0.06258117590000001, 0.0321859886], "synthMethod": "matchedMode"}