{"cf": [612.1206664187, 1038.3197513706, 2949.5875804085, 4674.7226208937, 1864.23829135, 5193.2150699386, 2366.5156014211, 7768.3703666563, 6527.600827348, 6918.4105581746], "op": [-19.433291437749997, -39.814923404750004, -48.83188506445, -45.36313947645, -56.618933570050004, -42.758633395749996, -45.81647322135, -60.92439068625, -70.96696364875, -60.58524765535], "rt": [0.0341526005, 0.117648555, 0.0866771571, 0.0763710554, 0.0517936125, 0.0298073914, 0.0324149795, 0.1173567928, 0.1219189207, 0.0497868351], "synthMethod": "matchedMode"}