{"cf": [7367.4187676878, 4349.8613349457, 6643.0734050507, 1810.0873538471, 4134.6775754338, 2604.4484630337, 9330.5743795934, 9468.3203162837, 7013.4363421358, 11352.7234732408], "op": [-44.28284822345, -51.01331209055, -55.771995054550004, -63.680369153550004, -63.554953546250005, -64.75638587665, -61.26524307425, -67.93902168894999, -71.95543105055, -69.73777834495], "rt": [0.0722234574, 0.1084189217, 0.09666279200000001, 0.12805711020000002, 0.08757886520000001, 0.1179180762, 0.0573563626, 0.0837534709, 0.1463062511, 0.0845514322], "synthMethod": "matchedMode"}