{"cf": [2083.0957647679, 2929.6534560971, 1538.0804049166, 1800.7558913417, 2556.9449071709, 967.2172316692, 4492.6756588934, 4989.0864149534, 678.3782967308, 4043.0926749333], "op": [-24.710393652849998, -40.29079498835, -38.85152612915, -48.16577434715, -50.32203725425, -43.07367900915, -46.63695772925, -55.18187851975, -46.06327210895, -55.72199725005], "rt": [0.067560097, 0.051954049200000005, 0.0665333961, 0.1177302521, 0.1301346046, 0.12086582600000001, 0.0560431595, 0.0628221436, 0.08487654260000001, 0.07290915740000001], "synthMethod": "matchedMode"}