{"synthMethod":"hierarchicalSample","mu01":[2208.2403226640495,-45.641125341886543,0.14988780493398243],"Sgm01":[[4.6701583561239252E+6,-4738.18289661161,18.672644167904856],[-4738.18289661161,74.171524595569778,0.21983048210422704],[18.672644167904856,0.21983048210422704,0.014236391165358108]],"mu02":[2160.099852807281,-47.690524608579473,0.14702691323293993],"Sgm02":[[4.5133276037044488E+6,-2072.8117789360358,47.904255444806182],[-2072.8117789360358,90.64421248078645,-0.079042770510939747],[47.904255444806182,-0.079042770510939747,0.013380384115279769]],"mu03":[2220.2130198033651,-49.660766560512307,0.14324288195702892],"Sgm03":[[4.4082513618595563E+6,-1541.7369038817235,60.268855520345355],[-1541.7369038817235,106.54148214432108,-0.093606837608056437],[60.268855520345355,-0.093606837608056437,0.012632075929783172]],"mu04":[2481.7160179150392,-51.437136488355577,0.14462413113545497],"Sgm04":[[5.0572214706742242E+6,-1749.9210707643069,63.364729368816889],[-1749.9210707643069,122.14826889805678,-0.082565217292384627],[63.364729368816889,-0.082565217292384627,0.01380693278029845]],"mu05":[2540.51371857233,-52.393025372025562,0.14482665032966938],"Sgm05":[[4.9292063171078535E+6,-1433.6005304706512,55.63818595383723],[-1433.6005304706512,129.78375838565131,-0.0960491678255194],[55.63818595383723,-0.0960491678255194,0.014338139519083536]],"mu06":[2697.0900496187087,-53.469542456288295,0.13951802571079849],"Sgm06":[[5.2049380178836156E+6,-1754.7375915143514,48.519816696947132],[-1754.7375915143514,140.84275443821241,-0.038968400735024049],[48.519816696947132,-0.038968400735024049,0.013145786418457364]],"mu07":[2771.2928661604183,-54.484369690044993,0.13954317808552807],"Sgm07":[[5.1516050495428983E+6,-1420.4901996771362,50.990492588242851],[-1420.4901996771362,143.30727273889784,-0.036053734073296838],[50.990492588242851,-0.036053734073296838,0.013308204368608644]],"mu08":[2853.5960500966648,-55.468713823680694,0.1396229119601054],"Sgm08":[[5.1187639261187762E+6,-1822.2033404176307,43.970154515437763],[-1822.2033404176307,156.98615745603604,-0.024777387739226903],[43.970154515437763,-0.024777387739226903,0.013365853360964176]],"mu09":[2899.9870583600223,-56.141315234514586,0.14037195730623359],"Sgm09":[[5.1511187006713878E+6,-1913.1229047154634,39.703204734739238],[-1913.1229047154634,159.60318360201043,-0.011588846811474471],[39.703204734739238,-0.011588846811474471,0.013823853431873961]],"mu10":[2965.8851068345566,-56.5975219068815,0.13815411615837953],"Sgm10":[[5.266582579996909E+6,-2250.8706614382018,32.198890778494828],[-2250.8706614382018,158.74854850213984,0.04116908194009767],[32.198890778494828,0.04116908194009767,0.013408945452588033]],"mu11":[3042.0102958463622,-56.973921549983217,0.13754486628779469],"Sgm11":[[5.5071308400268294E+6,-2809.0670327871585,24.710060395363502],[-2809.0670327871585,159.38286342267264,0.050452884383016691],[24.710060395363502,0.050452884383016691,0.013545006471780859]],"mu12":[3105.2213102041042,-57.337606307597532,0.13815505536665121],"Sgm12":[[5.5982670690632807E+6,-2941.9210002990112,15.238421850677293],[-2941.9210002990112,163.72628187406727,0.030527523502920581],[15.238421850677293,0.030527523502920581,0.014258998972375314]],"mu13":[3190.7270916396,-57.731183161820844,0.13660321583183571],"Sgm13":[[5.9558151104595466E+6,-3857.2782819122535,9.7849267456114184],[-3857.2782819122535,166.22277393723965,0.0326039767942608],[9.7849267456114184,0.0326039767942608,0.013949013843999292]],"mu14":[3286.4863008462239,-58.113944418252181,0.13630213706512967],"Sgm14":[[6.405522016774605E+6,-5138.6666086574151,1.2826036865031794],[-5138.6666086574151,168.81239460553303,0.034833167199420575],[1.2826036865031794,0.034833167199420575,0.014065777305964713]],"mu15":[3336.09701872412,-58.66154939745936,0.13653746321293508],"Sgm15":[[6.3618559482082287E+6,-4993.8944813537482,-0.69746430449793],[-4993.8944813537482,176.85825515715368,0.0065150709341512021],[-0.69746430449793,0.0065150709341512021,0.014231783330923915]]}