{"CF":[0,261.38395296794795,396.48984087401453,625.40315036880429,1042.6390779682208,1843.99842371978,3728.82626529027,681.412344382502,797.57801226501908,929.12083478051966,1078.076326284641,1246.7494475157114,1437.7502729202836,1654.0343793562579,1898.9485811547117,2176.2827192520572,2490.3283057856197,2845.9449316284667,3248.6354644640055,3704.631201027335,4220.9882911723989,4805.6969258463432,5467.8049785627709,6217.5580136216686,7066.5578275852395,8027.9419773053742,9116.5870725477234,10349.338978994474,11745.273493823537,13325.991527598615,15115.95336016189,18900],"mOP":[-27.161402016770392,-13.660089464471461,-14.499871892410749,-16.576190415899514,-16.408895839250185,-11.457989993114555,-10.525096901307858,-9.5165473172281629,-9.51570683062288,-12.482276109279777,-12.818449344918333,-10.093887352820436,-10.432436528156186,-12.881050244669989,-11.673608083582252,-11.981978408204448,-12.050341173501907,-11.346608691752264,-10.379667344406792,-7.4124576625206178,-8.372505289408041,-6.8641981401660708,-7.12690792738707,-8.0343636625002564,-8.8131285917834745,-9.607574052048605,-10.869771200662878,-10.617371370538715,-12.519152251860353,-15.603235371466345,-17.63735742795269,-23.761300476259269],"sdOP":[5.15378540437178,6.0436948514136954,7.3367477042703229,8.8233816184029834,9.9761840380190847,10.537578853686023,11.399136608219298,9.3248563051979882,6.6464715396359315,8.4690092862477329,8.7492136858667813,10.025861582575375,9.7297789087814159,8.5533121356877952,9.78983210565563,10.01005248423626,9.5831501267402324,9.0534038482513441,10.289916331173076,12.473888997639245,11.428902354095314,12.45843609423039,11.490428762543463,11.821117233831849,11.396461640880268,10.552769513234306,12.239094104824023,11.845116676096042,11.30453073905819,10.794671080319256,11.179446979314141,10.868706202883072],"mRT":[0.075703783280313033,0.12873087704279493,0.1248450311068901,0.12841763949228305,0.11961427434412565,0.11436589843381942,0.107006666101808,0.077903885194190031,0.07428870853091725,0.075895751858450461,0.076151721976504327,0.069436247881727448,0.07096283821766583,0.0701651103848675,0.07009040374458908,0.068238249326686928,0.068357063558613679,0.066073201784728683,0.064219050971971017,0.058766946250139375,0.062327199560324509,0.058194656153613952,0.057390185363986518,0.0591328895435653,0.059220494851132392,0.059599783781092569,0.063457006502852867,0.059368846547987984,0.0608075748267053,0.064707789545430189,0.066741641130439636,0.045004359000587656],"sdRT":[0.084728069644042239,0.12907586126029466,0.13114864682853664,0.12770307801216074,0.093452302084584535,0.086883073871673488,0.074122743301459723,0.035502936996700617,0.03496386988573464,0.0348455838007039,0.034296443516346,0.035184231105635816,0.035631389904372583,0.036185940781324984,0.037141650574716988,0.03668010889288751,0.035635797747521417,0.03539644081339028,0.035207036408045109,0.035672816791976841,0.036751562770852945,0.035139306464681247,0.037041211551021025,0.034462271624232745,0.035109122585905088,0.035456399176098233,0.034421001359545664,0.034221769821246077,0.035592173429014551,0.036911586874459917,0.037367646763685765,0.0309043317197358]}