{"cf": [275.0417419738, 791.4213036231, 1212.9070939014, 1391.2959586828, 1629.4975466604, 2762.3404255885, 1802.3515268029, 2239.2944464679, 3180.8225008502, 2513.0762737546], "op": [-10.461279639799997, -52.591688973000004, -51.4334206507, -54.577388356, -54.4441947742, -58.7883820726, -61.5412567345, -63.4433644272, -62.1110271865, -65.0058453944], "rt": [0.0903001501, 0.1065291033, 0.0767414516, 0.0664514866, 0.0752803563, 0.0562189919, 0.0742636263, 0.0614020573, 0.052906393700000005, 0.058330529000000006], "synthMethod": "matchedMode"}