{"CF":[0,261.38395296794778,396.48984087401459,625.40315036880293,1042.6390779682217,1843.9984237197798,3728.8262652902686,681.412344382503,797.57801226501988,929.12083478052114,1078.076326284641,1246.7494475157107,1437.7502729202847,1654.0343793562577,1898.9485811547117,2176.2827192520563,2490.3283057856192,2845.9449316284686,3248.6354644640105,3704.6312010273346,4220.9882911724017,4805.696925846345,5467.8049785627663,6217.5580136216686,7066.55782758525,8027.9419773053778,9116.5870725477234,10349.338978994476,11745.273493823526,13325.991527598615,15115.953360161873,18900],"mOP":[-29.804132353615589,-12.932671560791585,-13.431317447365963,-17.622568164411614,-18.214400583473545,-14.243704725016123,-11.565174047168906,-9.6891990290137162,-10.810779174521993,-13.76206376850133,-14.616784252546204,-11.870088640173408,-12.962783601245066,-13.280936169270657,-13.736700321878931,-15.637267039254432,-15.657966028788023,-13.347246418974365,-13.266436283250666,-11.047072687420059,-12.715275188261176,-10.865262135382688,-11.029947191909157,-12.845824799372442,-13.387752834797299,-14.094444200914953,-16.857741773086069,-16.082822893026453,-18.396950561830231,-19.877183475027575,-22.108899284124711,-26.063956491135873],"sdOP":[4.1049000762443582,6.7960266500703552,7.358808794069688,8.9329480673526618,10.918335596285926,9.4783146451665949,8.6700420135884144,7.0523425296335489,6.5821480269670367,9.7506932756339566,8.0388848768841843,7.7432796643389485,7.1960413030406665,8.4476742493440717,9.32166695442376,9.2318886423927218,9.2489170200669122,10.03550974777035,10.428546377452376,13.474838738521898,12.852517148755567,13.563060894288771,12.851435895825011,12.964660500612993,11.632946872771713,10.184592040767901,11.232428564284282,11.607646221388029,10.199637379223368,10.564755155547525,10.213732688415421,11.416532062705761],"mRT":[0.045182411659383054,0.090028177391120165,0.081783615971697629,0.089070910290193733,0.093133764744712785,0.086267853378413112,0.082224529794826418,0.070374430771324659,0.0655950820873197,0.067736096395521958,0.069638692663903615,0.06051389046070637,0.06361631579246535,0.058563412394403248,0.061335450902032171,0.060780112417268141,0.060783533444547719,0.05337587060461077,0.053343116671597766,0.049242318826166316,0.052741312247574286,0.04793552761291605,0.044905773252868937,0.049173595846632535,0.047438697376324036,0.047340633936396981,0.0536870584060024,0.048759856056274017,0.051831488594573621,0.054323019935122487,0.058504999385735737,0.032780853869129913],"sdRT":[0.027758107858767343,0.025097522108154968,0.031021561937882514,0.026080087168170535,0.01978600508526273,0.02069478675844167,0.019867045385171585,0.034442205113327878,0.032724461101037106,0.033052387418706891,0.032760747653382105,0.031318761938590775,0.0345429953351434,0.033321166451196267,0.037196523621503254,0.034585183880698304,0.033483328981383668,0.031646285892824796,0.030668487817857394,0.032021137774054721,0.034216359892396062,0.030094439358844403,0.032667308716987919,0.02973561122828744,0.029831911268246886,0.03026715151322661,0.030150007814167191,0.02995529172379682,0.034271717027503583,0.03536951800713059,0.036813039880830262,0.02295912319478436]}