{"cf": [1667.3939169517, 1018.162281528, 2461.2177734407, 2159.0451884691, 1995.140095733, 649.4153516233, 150.4597744268, 4114.4087994776, 3532.3799171099, 4630.6651985496], "op": [-63.3916556891, -82.37020502050001, -62.624068299, -70.6358998873, -79.2292114692, -80.0857170264, -83.6435105157, -90.60282780579999, -79.81400610259999, -80.6368995765], "rt": [0.0623402403, 0.18005935820000002, 0.0745867649, 0.0591838866, 0.18636973040000002, 0.1758418884, 0.0846211027, 0.4292681398, 0.1092792605, 0.057553334000000005], "synthMethod": "matchedMode"}