{"cf": [2076.4473245491, 1219.6069395349, 582.4905048646, 3572.3742946191, 4671.0890555075, 388.4431949298, 6337.3177264731, 7138.6260104457, 6425.1888293175, 6703.2038353387], "op": [-59.5885641173, -70.6722702583, -75.43557271270001, -76.8374913972, -80.4130773352, -90.3889137027, -80.9305947889, -85.4493221509, -91.8105817259, -97.5643996545], "rt": [0.0524340743, 0.0763314766, 0.048458772000000004, 0.0719709278, 0.1106471754, 0.1750558911, 0.07683626460000001, 0.0541718567, 0.037735708300000004, 0.3791619959], "synthMethod": "matchedMode"}