{"cf": [3201.462836893, 3034.0774507551, 6249.8541460819, 2784.7068325756, 1818.9938467602, 4592.7396118176, 6768.003018152, 4126.4777320705, 685.5614633968, 7541.251869129], "op": [22.8449938185, 18.832916669, 10.4238807111, 8.1780081467, 8.68407426, 0.023755492700000002, -0.5451961464, 2.7089093643, 9.4897350871, 7.069668539], "rt": [0.1379679586, 0.11088055370000001, 0.1286705484, 0.2388659414, 0.1786835025, 0.2512674294, 0.334897398, 0.2776443038, 0.1442393447, 0.10067384300000001], "synthMethod": "matchedMode"}