{"cf": [1374.9410312781, 1039.5930036841, 1698.1001045971, 296.8644422936, 2936.0662474916, 2424.5650556661, 2245.8412089664, 3449.9150844239, 4711.4439826039, 4805.9955136738], "op": [-45.81106698115, -40.099311280449996, -46.07045652085, -42.59133786135, -59.20086976565, -59.10515161075, -58.95447909965, -62.05210784645, -66.37081134255, -67.66791169865], "rt": [0.0548313535, 0.0410278132, 0.0850953919, 0.0603252606, 0.0620464567, 0.06514314930000001, 0.0833344107, 0.083008459, 0.0752669427, 0.0927151368], "synthMethod": "matchedMode"}