{"cf": [1167.0055292041, 1699.7629993992, 504.0160943071, 2203.7877721503, 6029.6172584059, 3659.045430959, 3181.3087822199, 8201.0077888719, 5072.3139090596, 9747.8706516174], "op": [-38.43712367565, -30.051903794149997, -42.75534458595, -52.19998958015, -57.71465952795, -59.95931436105, -57.38363268775, -61.617199968950004, -56.93420683595, -64.80890122325], "rt": [0.0411352713, 0.0269443226, 0.0523220002, 0.0371950582, 0.0408295726, 0.050450025700000005, 0.0600064915, 0.0298135022, 0.0311378904, 0.043463990800000005], "synthMethod": "matchedMode"}