{"cf": [4664.8416132838, 5952.5421803848, 5702.9019360823, 2388.3306349965, 7993.5340379626, 7823.4793784909, 6904.7608978417, 4104.0341573077, 5077.1753225666, 8452.670566036], "op": [-54.9192345942, -68.0058304087, -69.898479233, -73.4801970741, -72.80534791470001, -73.5321931703, -71.4327640121, -65.8146329711, -75.1045358716, -75.6678258581], "rt": [0.1627568392, 0.1075203287, 0.8324270170000001, 0.3327166743, 0.221596495, 0.26066290270000003, 0.29032842610000004, 0.2687096751, 0.7920185615, 0.266130023], "synthMethod": "matchedMode"}