{"cf": [255.043890834, 1199.9178112609, 1023.0569116324, 1907.2865901406, 2913.6013849109, 3296.8552957891, 4613.4191972835, 5322.4473092347, 5637.2078063943, 7539.2664549351], "op": [-16.13551324315, -52.11359722225, -52.78527131865, -33.13072308655, -47.53963384475, -50.93160527365, -40.99150725635, -60.60075302325, -60.20725451555, -60.429899956949995], "rt": [0.0323554333, 0.028358821700000002, 0.0352348218, 0.0198263588, 0.0239123436, 0.0282424081, 0.0214468404, 0.024937272200000003, 0.023372816600000002, 0.0143818695], "synthMethod": "matchedMode"}