{"cf": [621.3530236957, 1962.515969526, 1767.1700704793, 7929.7901657779, 107.593651054, 6493.4162065995, 4245.9143366209, 8754.7850193336, 8953.8451239941, 9725.82603783], "op": [-51.750843884300004, -49.9444595984, -60.172248784000004, -52.715692011200005, -55.9436517539, -58.6274154776, -55.8605814915, -66.77361360040001, -70.4660589035, -66.58046720850001], "rt": [0.1460223092, 0.1462689419, 0.1973449757, 0.2973930218, 0.2131383521, 0.1322532107, 0.13253451530000002, 0.1508567096, 0.19832307670000002, 0.1441791546], "synthMethod": "matchedMode"}