{
	"synthMethod": "firstTest",
    "Sgm": [
        [
            6314258.161588976, 
            -14871.973615948078, 
            -25.92321409657933
        ], 
        [
            -14871.973615948078, 
            244.93536922910215, 
            -0.07386804030567129
        ], 
        [
            -25.92321409657933, 
            -0.07386804030567129, 
            0.0006664334408509218
        ]
    ], 
    "mu": [
        2884.7473811347672, 
        -67.32320062525135, 
        0.0779522709931619
    ]
}
