{"cf": [3110.0345895803, 1616.8408841107, 8064.19331454, 2379.8454026366, 2037.4558842882, 7303.1001807576, 7159.9186392798, 10956.3408922068, 9092.8019408965, 9259.0593561823], "op": [20.0801319381, -2.3919346501, 8.0426017655, 8.5134293306, -0.2291577089, -10.2229577313, -1.6386189917, -1.8982855832, -6.5479809741, -2.7302136892], "rt": [0.2067670345, 0.6402316139, 0.1707424402, 0.1145660055, 0.37956801830000003, 0.662697882, 0.14711839300000001, 0.5994835829, 0.6044686162, 0.4035758034], "synthMethod": "matchedMode"}