{"cf": [930.3605440234, 721.8474408933, 3423.9938469258, 1261.3958060946, 4416.7633414311, 5251.3333487136, 4935.057340753, 7327.8223542775, 7254.2932885494, 7199.3991723087], "op": [-26.494460737399997, -57.7459113714, -57.7854651663, -55.9693138942, -60.1117174044, -63.0551019684, -62.195744571700004, -64.82444303770001, -60.737051192799996, -66.4201287707], "rt": [0.0438137571, 0.0529153682, 0.050068424800000004, 0.0431414807, 0.0255136348, 0.0326370361, 0.0324535917, 0.0372222404, 0.022011567200000002, 0.0337106731], "synthMethod": "matchedMode"}