{"synthMethod":"hierarchicalSample","mu01":[1609.5294434661441,-47.678737823347653,0.0907942089452795],"Sgm01":[[3.3988098145110384E+6,-9036.0238514381454,-44.894336246630814],[-9036.0238514381454,76.4309049873617,0.1181889956940842],[-44.894336246630814,0.1181889956940842,0.001141434686510792]],"mu02":[1415.7695356836409,-48.57153477706548,0.082526219825925673],"Sgm02":[[2.6017931386412154E+6,-7176.2497155796273,-26.186951199462769],[-7176.2497155796273,76.883355438487115,0.071760466651165158],[-26.186951199462769,0.071760466651165158,0.00094902568851392029]],"mu03":[1517.8605258256503,-51.263521866644233,0.079982480290838653],"Sgm03":[[2.493486532583728E+6,-6313.36048162436,-24.792695411416307],[-6313.36048162436,114.56922187779458,-0.033791012886576981],[-24.792695411416307,-0.033791012886576981,0.0012588207609449393]],"mu04":[1773.4151370519112,-53.769601954084607,0.080594714177983431],"Sgm04":[[2.9551328760522269E+6,-8057.4765707357674,-31.807521732567409],[-8057.4765707357674,131.246337842164,-0.0767205538192083],[-31.807521732567409,-0.0767205538192083,0.0024468525367261009]],"mu05":[1910.0627920548739,-54.817916564852091,0.076365687215614139],"Sgm05":[[3.1532609091414614E+6,-8308.956854596192,-30.682556304657446],[-8308.956854596192,132.51505054006222,-0.04759639514703036],[-30.682556304657446,-0.04759639514703036,0.0020935328806959276]],"mu06":[2097.5227562689797,-56.59334980203279,0.073991306611456642],"Sgm06":[[3.5655346611963175E+6,-9891.8271335897,-29.958671886948252],[-9891.8271335897,147.52988374852765,-0.038053620413393469],[-29.958671886948252,-0.038053620413393469,0.0018436633883643595]],"mu07":[2197.5641394183922,-57.850311690931456,0.072167837538905114],"Sgm07":[[3.5829271248450591E+6,-8928.3312073742527,-29.269134813402314],[-8928.3312073742527,151.62416470054171,-0.04774283169044756],[-29.269134813402314,-0.04774283169044756,0.0017312687998160127]],"mu08":[2352.5333759649452,-59.237718913736238,0.070934616252598337],"Sgm08":[[3.9164739914810625E+6,-10175.86842231915,-28.333777014470872],[-10175.86842231915,167.85500868287349,-0.054742856769382973],[-28.333777014470872,-0.054742856769382973,0.0016032083470546973]],"mu09":[2434.1705895579089,-60.307954383286173,0.071785073430014154],"Sgm09":[[4.00412668582765E+6,-10305.788224705717,-30.659983221197542],[-10305.788224705717,171.11797173394086,-0.1113820417285141],[-30.659983221197542,-0.1113820417285141,0.0022717738919931572]],"mu10":[2566.1543670654219,-61.153554942557648,0.07060080488643887],"Sgm10":[[4.364246712477929E+6,-10571.184448602815,-30.941337941058311],[-10571.184448602815,168.69174097222296,-0.10159429388543184],[-30.941337941058311,-0.10159429388543184,0.0021166022706535963]],"mu11":[2721.0955816301221,-61.621486642784696,0.069312527771292279],"Sgm11":[[4.91221289749367E+6,-11138.747085136378,-32.62828254788117],[-11138.747085136378,166.00555881312715,-0.092798627478243467],[-32.62828254788117,-0.092798627478243467,0.0019898426875474772]],"mu12":[2847.0705094575187,-62.23182907657403,0.069717084342698521],"Sgm12":[[5.2938391347475415E+6,-11127.740700219076,-35.4486459373622],[-11127.740700219076,170.32143288876367,-0.13956274712431119],[-35.4486459373622,-0.13956274712431119,0.0022753587993274353]],"mu13":[3000.7563110966385,-62.703464324441669,0.068745243176416934],"Sgm13":[[5.9913298426096067E+6,-12031.569196813325,-38.36091360329516],[-12031.569196813325,171.49259626841192,-0.1395417584786966],[-38.36091360329516,-0.1395417584786966,0.0022036795449838845]],"mu14":[3200.86476868048,-63.274480988802225,0.068774183765787159],"Sgm14":[[6.9903154827621737E+6,-13547.1349665896,-42.590570045420918],[-13547.1349665896,176.52186265241639,-0.16964061630379343],[-42.590570045420918,-0.16964061630379343,0.00253495520287265]],"mu15":[3276.47724238178,-63.853053110636914,0.068785939665029383],"Sgm15":[[6.9695478669178924E+6,-13118.917819398141,-42.484822088322453],[-13118.917819398141,182.32090588743753,-0.18274942131226002],[-42.484822088322453,-0.18274942131226002,0.0024841235423164764]]}