{"cf": [1083.7547568306, 2095.6156957461, 2969.683863376, 4963.507995339, 390.7564790253, 7923.899640621, 9423.2789668436, 1598.5879451201, 10606.6582841011, 5393.2391146694], "op": [-65.8176397677, -59.190661337, -74.313389831, -86.89267180409999, -83.1959919384, -74.5458830039, -81.7769078078, -86.3440294686, -78.5911032846, -87.3228050778], "rt": [0.2981779992, 0.1859284658, 0.1377058451, 0.4462632778, 0.2770621393, 0.1061971535, 0.1619949746, 0.2818713358, 0.10819679730000001, 0.21963516460000002], "synthMethod": "matchedMode"}