{"cf": [2540.8390418606, 5078.8508390214, 2910.6098334881, 3106.3074047011, 2760.5735366591, 4663.0956477729, 4055.8087575228, 4395.1643067573, 4222.8576403588, 2030.4100077441], "op": [-38.585902971, -44.2912870966, -48.6492728427, -49.5892532883, -53.6943532027, -50.8370244763, -53.7013732993, -59.1144936602, -60.3932957096, -66.2092770253], "rt": [0.2475523145, 0.0885580126, 0.2665145007, 0.24675530010000002, 0.3986853574, 0.10451979460000001, 0.1521384574, 0.1428931686, 0.1142073899, 0.3616411043], "synthMethod": "matchedMode"}