{"cf": [2571.0030517495, 2328.5788177665, 2909.8938141123, 3104.9702347071, 11559.9725026174, 10586.4778014083, 5087.547427461, 10035.2235162937, 11954.8201299616, 8920.5609998459], "op": [-47.16606182985, -56.37279702625, -62.15957694825, -58.35202894215, -65.95754562985, -63.988592785950004, -57.22887195145, -66.99977457405001, -65.85935943505, -69.48442168425001], "rt": [0.3961692754, 0.2670015152, 0.45469915720000004, 0.3445735992, 0.12505252220000002, 0.0929637512, 0.0798225321, 0.12577910250000002, 0.0734088605, 0.0851360719], "synthMethod": "matchedMode"}