{"cf": [1903.0867287449, 1357.3010846776, 8804.8494372193, 347.0194796995, 2504.6765527218, 8504.1813837169, 10438.8997259554, 11506.3675859993, 9415.8853694399, 9315.2204618656], "op": [36.0341731605, 45.2047563237, 27.1677249007, 5.1472210624, 5.3182969231, 21.7219888481, 17.9626850526, 17.7525494131, 10.7776235928, 5.1174300115], "rt": [0.1797199724, 0.279474451, 0.118011159, 0.4420616229, 0.4762046757, 0.2664850856, 0.1418719418, 0.1269857758, 0.133039408, 0.2978271165], "synthMethod": "matchedMode"}