{"synthMethod":"hierarchicalSample","mu01":[3507.2650503662785,-44.823237273219362,0.1338050969173139],"Sgm01":[[1.2035468498350464E+7,1678.8020639997924,-72.636058213638051],[1678.8020639997924,76.0598806112897,0.10805616338464374],[-72.636058213638051,0.10805616338464374,0.012133189743363731]],"mu02":[3506.1636939940695,-47.40960144128119,0.13339241810600558],"Sgm02":[[1.2096831760922851E+7,-710.14751237401856,-31.553161739915321],[-710.14751237401856,109.59588441813351,-0.21841969260839836],[-31.553161739915321,-0.21841969260839836,0.011936780140758175]],"mu03":[3634.9533935574764,-49.469410278079955,0.1667859775059076],"Sgm03":[[1.3737402891910711E+7,1578.5885133779154,-157.52328956861137],[1578.5885133779154,133.81387528999531,-2.0702255368343758],[-157.52328956861137,-2.0702255368343758,0.24158272748169285]],"mu04":[3858.2159576151539,-51.478694662891741,0.37485903939341797],"Sgm04":[[1.4401014997395661E+7,2741.5538841589942,-924.012588827877],[2741.5538841589942,160.7826254413045,-14.76613561471903],[-924.012588827877,-14.76613561471903,8.8060504024177977]],"mu05":[3825.7809425930845,-52.929653130977556,0.55412290439701051],"Sgm05":[[1.4230347029699143E+7,4329.4622562478144,-1570.7437262525739],[4329.4622562478144,184.26425523194047,-25.322340932933425],[-1570.7437262525739,-25.322340932933425,16.156475398665368]],"mu06":[3929.161390248129,-54.0805032063821,0.547235434008295],"Sgm06":[[1.4216787548848663E+7,4501.0847814325589,-1604.3938435993928],[4501.0847814325589,193.13883560454624,-24.364584947578312],[-1604.3938435993928,-24.364584947578312,15.628056063110469]],"mu07":[3957.2616934827056,-55.27507409187605,0.56701796998375031],"Sgm07":[[1.3622741565534288E+7,4417.1335441020165,-1685.1557409108457],[4417.1335441020165,202.16547691000517,-24.706025605562097],[-1685.1557409108457,-24.706025605562097,17.343133742742829]],"mu08":[4014.9790387563639,-56.454976741836994,0.56970556576379294],"Sgm08":[[1.3494093455392361E+7,3518.4277032224759,-1719.8087339122494],[3518.4277032224759,221.18168027114936,-24.350641631062267],[-1719.8087339122494,-24.350641631062267,16.884762602748786]],"mu09":[4025.07023717724,-57.105574652333964,0.52293388119497286],"Sgm09":[[1.2845789700744824E+7,2913.9128410246535,-1546.5338406683832],[2913.9128410246535,219.19358147631854,-21.475297389803703],[-1546.5338406683832,-21.475297389803703,15.031774574059231]],"mu10":[4066.9306279038697,-57.626028261503762,0.54474635259887061],"Sgm10":[[1.2611351645407759E+7,1982.5384914158462,-1651.4661378320845],[1982.5384914158462,225.34349876744486,-22.354348580599034],[-1651.4661378320845,-22.354348580599034,15.725966362595756]],"mu11":[4105.28648689764,-58.209186363025879,0.57733825328095689],"Sgm11":[[1.2409184461186454E+7,908.5875139415142,-1784.5309072060315],[908.5875139415142,231.63098977176236,-24.186249019439327],[-1784.5309072060315,-24.186249019439327,17.093589910087474]],"mu12":[4157.2056771483431,-58.668387679783109,0.54581799521615415],"Sgm12":[[1.23494481594685E+7,-393.04909867236836,-1687.589817189544],[-393.04909867236836,234.41441175535473,-22.282740847882614],[-1687.589817189544,-22.282740847882614,15.886935685630258]],"mu13":[4204.8924496675227,-59.109109641940847,0.54609178739041986],"Sgm13":[[1.2190648313324904E+7,-1249.8951049637767,-1711.8165312451956],[-1249.8951049637767,236.69837931639009,-22.17359064557715],[-1711.8165312451956,-22.17359064557715,15.784886652431224]],"mu14":[4278.2946130858145,-59.510244824149595,0.51955489983055692],"Sgm14":[[1.2297828991732448E+7,-2593.0597761814374,-1641.967482205418],[-2593.0597761814374,237.80911178631,-20.630240638924985],[-1641.967482205418,-20.630240638924985,14.809740875534755]],"mu15":[4303.1342633798413,-60.053557660880337,0.524375722239254],"Sgm15":[[1.2125938456476772E+7,-2194.6135095063328,-1670.1479822782226],[-2194.6135095063328,245.62175232736627,-20.722814145031993],[-1670.1479822782226,-20.722814145031993,14.659498481605915]],"mu16":[4335.7631521287649,-60.201236865728866,0.6124157170447363],"Sgm16":[[1.2160945640704058E+7,-2490.389345463338,-2043.3373358799447],[-2490.389345463338,249.07050762172054,-24.985266590540263],[-2043.3373358799447,-24.985266590540263,25.55694202485255]],"mu17":[4374.8186825168259,-60.38300298670454,0.7424369748626064],"Sgm17":[[1.249868678515459E+7,-1993.3792721839791,-2585.3365062236417],[-1993.3792721839791,257.72812513913931,-32.01620706757241],[-2585.3365062236417,-32.01620706757241,36.935167652034771]],"mu18":[4422.6062753854558,-60.458450591973559,0.73475946503332223],"Sgm18":[[1.2666346074320903E+7,-2391.2655987859425,-2587.87251241905],[-2391.2655987859425,257.12421167980619,-31.607011246305927],[-2587.87251241905,-31.607011246305927,36.520285512545065]],"mu19":[4472.3787277076863,-60.543555658033249,0.72740234788869573],"Sgm19":[[1.2807160187238645E+7,-3010.913448438077,-2590.3606496357274],[-3010.913448438077,258.60022163581766,-31.2098811944684],[-2590.3606496357274,-31.2098811944684,36.114463224837273]],"mu20":[4515.7416752076124,-60.702279766634184,0.72205287965267939],"Sgm20":[[1.3139791917750502E+7,-3607.224364956262,-2594.9648040208567],[-3607.224364956262,262.56869368780235,-30.866055248392012],[-2594.9648040208567,-30.866055248392012,35.743900890132679]]}