{"cf": [1903.0867287449, 1357.3010846776, 8804.8494372193, 347.0194796995, 2504.6765527218, 8504.1813837169, 10438.8997259554, 11506.3675859993, 9415.8853694399, 9315.2204618656], "op": [-51.0525303484, -41.8819471852, -59.9189786082, -81.9394824465, -81.7684065858, -65.3647146608, -69.1240184563, -69.3341540958, -76.3090799161, -81.9692734974], "rt": [0.1797199724, 0.279474451, 0.118011159, 0.4420616229, 0.4762046757, 0.2664850856, 0.1418719418, 0.1269857758, 0.133039408, 0.2978271165], "synthMethod": "matchedMode"}