{"cf": [937.3709891013, 11001.5143828361, 10208.9301135431, 2496.3954718249, 1792.3581527456, 5372.2965147781, 9375.1359799527, 11404.2297428435, 11508.4624830234, 12836.3252114277], "op": [-36.436214646850004, -49.99546490215, -56.12762319285, -56.61305067265, -46.01178855635, -51.75075316215, -48.21725129025, -58.74493939265, -56.493423958950004, -60.28740075405], "rt": [0.0986883212, 0.0686166473, 0.0714467649, 0.0892014901, 0.0907557194, 0.057694137300000004, 0.053673629300000004, 0.0654581523, 0.0585788007, 0.0613798782], "synthMethod": "matchedMode"}