{"cf": [2529.6699866444, 5430.7239438248, 2912.4157124056, 3094.5693645329, 4699.6083274692, 10477.3035130507, 11663.7474381396, 4067.3372028971, 11865.9014047506, 4331.897699402], "op": [-81.5471779553, -69.053258525, -79.9035452264, -86.7871672846, -84.16248232550001, -67.0907055907, -97.5531771271, -80.83252348069999, -93.4937061702, -84.5935648064], "rt": [0.6295150757, 0.0906216779, 0.088766312, 0.47752981170000003, 0.15753653, 0.0630587962, 0.7599691368, 0.0674478024, 0.1565308751, 0.18520348650000001], "synthMethod": "matchedMode"}