{
	"synthMethod": "firstTest",
    "Sgm": [
        [
            9956177.04813641, 
            236.2639328320721, 
            -15.75737653717375
        ], 
        [
            236.2639328320721, 
            270.0321408575008, 
            -0.6240804358109973
        ], 
        [
            -15.75737653717375, 
            -0.6240804358109973, 
            0.002361731896595966
        ]
    ], 
    "mu": [
        7577.063873593456, 
        -57.84646323430128, 
        0.09285728430377202
    ]
}
