{
	"synthMethod": "hierarchicalSample",
	"mu01": [
		7583.133973,
		-33.266716,
		0.073794
	      ],
	"Sgm01": [
	       [
		4181566.973829,
		2079.649252,
		0.918260
	       ],
	       [
		2079.649252,
		3.370088,
		-0.013229
	       ],
	       [
		0.918260,
		-0.013229,
		0.000121
	       ]
	      ],
	"mu02": [
		7583.133973,
		-33.266716,
		0.073794
	      ],
	"Sgm02": [
	       [
		4181566.973829,
		2079.649252,
		0.918260
	       ],
	       [
		2079.649252,
		3.370088,
		-0.013229
	       ],
	       [
		0.918260,
		-0.013229,
		0.000121
	       ]
	      ],
	"mu03": [
		7583.133973,
		-33.266716,
		0.073794
	      ],
	"Sgm03": [
	       [
		4181566.973829,
		2079.649252,
		0.918260
	       ],
	       [
		2079.649252,
		3.370088,
		-0.013229
	       ],
	       [
		0.918260,
		-0.013229,
		0.000121
	       ]
	      ],
	"mu04": [
		7583.133973,
		-33.266716,
		0.073794
	      ],
	"Sgm04": [
	       [
		4181566.973829,
		2079.649252,
		0.918260
	       ],
	       [
		2079.649252,
		3.370088,
		-0.013229
	       ],
	       [
		0.918260,
		-0.013229,
		0.000121
	       ]
	      ],
	"mu05": [
		7583.133973,
		-33.266716,
		0.073794
	      ],
	"Sgm05": [
	       [
		4181566.973829,
		2079.649252,
		0.918260
	       ],
	       [
		2079.649252,
		3.370088,
		-0.013229
	       ],
	       [
		0.918260,
		-0.013229,
		0.000121
	       ]
	      ],
	"mu06": [
		7583.133973,
		-33.266716,
		0.073794
	      ],
	"Sgm06": [
	       [
		4181566.973829,
		2079.649252,
		0.918260
	       ],
	       [
		2079.649252,
		3.370088,
		-0.013229
	       ],
	       [
		0.918260,
		-0.013229,
		0.000121
	       ]
	      ],
	"mu07": [
		7583.133973,
		-33.266716,
		0.073794
	      ],
	"Sgm07": [
	       [
		4181566.973829,
		2079.649252,
		0.918260
	       ],
	       [
		2079.649252,
		3.370088,
		-0.013229
	       ],
	       [
		0.918260,
		-0.013229,
		0.000121
	       ]
	      ],
	"mu08": [
		7583.133973,
		-33.266716,
		0.073794
	      ],
	"Sgm08": [
	       [
		4181566.973829,
		2079.649252,
		0.918260
	       ],
	       [
		2079.649252,
		3.370088,
		-0.013229
	       ],
	       [
		0.918260,
		-0.013229,
		0.000121
	       ]
	      ],
	"mu09": [
		7583.133973,
		-33.266716,
		0.073794
	      ],
	"Sgm09": [
	       [
		4181566.973829,
		2079.649252,
		0.918260
	       ],
	       [
		2079.649252,
		3.370088,
		-0.013229
	       ],
	       [
		0.918260,
		-0.013229,
		0.000121
	       ]
	      ],
	"mu10": [
		7583.133973,
		-33.266716,
		0.073794
	      ],
	"Sgm10": [
	       [
		4181566.973829,
		2079.649252,
		0.918260
	       ],
	       [
		2079.649252,
		3.370088,
		-0.013229
	       ],
	       [
		0.918260,
		-0.013229,
		0.000121
	       ]
	      ],
	"mu11": [
		7583.133973,
		-33.266716,
		0.073794
	      ],
	"Sgm11": [
	       [
		4181566.973829,
		2079.649252,
		0.918260
	       ],
	       [
		2079.649252,
		3.370088,
		-0.013229
	       ],
	       [
		0.918260,
		-0.013229,
		0.000121
	       ]
	      ],
	"mu12": [
		7583.133973,
		-33.266716,
		0.073794
	      ],
	"Sgm12": [
	       [
		4181566.973829,
		2079.649252,
		0.918260
	       ],
	       [
		2079.649252,
		3.370088,
		-0.013229
	       ],
	       [
		0.918260,
		-0.013229,
		0.000121
	       ]
	      ],
	"mu13": [
		7583.133973,
		-33.266716,
		0.073794
	      ],
	"Sgm13": [
	       [
		4181566.973829,
		2079.649252,
		0.918260
	       ],
	       [
		2079.649252,
		3.370088,
		-0.013229
	       ],
	       [
		0.918260,
		-0.013229,
		0.000121
	       ]
	      ],
	"mu14": [
		7583.133973,
		-33.266716,
		0.073794
	      ],
	"Sgm14": [
	       [
		4181566.973829,
		2079.649252,
		0.918260
	       ],
	       [
		2079.649252,
		3.370088,
		-0.013229
	       ],
	       [
		0.918260,
		-0.013229,
		0.000121
	       ]
	      ]
}