{"cf": [1659.3597837199, 2790.1174750371, 1163.5504427491, 747.7912042654, 317.6548048376, 1409.8300596512, 999.5743193783, 448.7756010778, 1932.9852332138, 3672.7610541453], "op": [-20.547478029200004, -19.639655158500002, -25.624829746299998, -30.685841055100003, -31.0078021988, -43.9482269011, -46.271506414200005, -41.889361117600004, -42.0095245192, -36.4978296958], "rt": [0.2094472842, 0.0992606145, 0.10895944040000001, 0.6868710586, 0.4955212061, 0.22701752730000002, 0.1757797042, 0.5700493462, 0.16129421260000001, 0.1421241601], "synthMethod": "matchedMode"}