{"cf": [11004.8012206296, 8254.524075283, 4163.3217562342, 3787.8517867854, 5132.4460455128, 4097.23086824, 5779.0695538047, 2294.4405602745, 7213.6329570078, 6880.0820451617], "op": [16.9362762291, 12.3588773327, 33.4833842556, 30.6000184369, 24.3677869856, 17.1446676703, 16.7889715557, 3.5958747773, 11.718004905, 5.9264518909], "rt": [5.3824984428, 2.8188306047, 0.31639080550000004, 0.3992889153, 0.3394065243, 0.6786358899, 0.4443973527, 3.5527588305, 2.4825536005, 1.6916442101], "synthMethod": "matchedMode"}