{"CF":[0,274.24980611589763,422.2179269710258,678.28559354665958,1152.5352100146774,2073.1902830092,4255.9137341791838,682.10440460262055,796.57734159273116,926.07741228239024,1072.5788758162721,1238.3155613067729,1425.8150183385587,1637.9371632498528,1877.9180133681755,2149.4191794181761,2456.5838746479203,2804.1002991951468,3197.2733713723387,3642.1059056280064,4145.3904819096506,4714.8134152396651,5359.0724200404711,6088.0097739653611,6912.7630239375558,7845.9355464306645,8901.78957888006,10096.464684184139,11448.225000843709,12977.739073402427,14708.396558294173,18375],"mOP":[-27.668649415491139,-16.26476671662024,-16.723353765857123,-18.061346670232304,-17.3121651891056,-12.160573100428216,-12.092203380756095,-10.739299491619143,-9.8905707549517583,-11.476323378416831,-11.789106628912684,-9.8965693965275658,-10.449037286458669,-11.727219652666138,-11.350040921435294,-11.674606140905192,-12.032942694387048,-10.236337815937867,-8.0800169555396852,-5.4202178976543971,-5.779967221327845,-3.9863799540427221,-4.2796013351918631,-4.5985463774934949,-5.7530948482985842,-6.7782107458249623,-7.7574824735568857,-8.406511992778352,-9.7751549461231946,-13.044195323061786,-14.716525768367259,-23.640573365444016],"sdOP":[5.3769347534622831,7.7134650713901554,8.5348374181721987,9.1816029817897924,10.168568535795922,10.970728450660577,10.992030092566321,10.123430128994848,7.5800764330845114,8.7201924540189,8.786420531585982,9.6885563089521138,9.6388628565514285,8.8253891378063809,9.5999153389244753,10.18433423926664,9.5725638321498749,8.9528692667854859,10.469941538250785,12.073247011102611,12.421873021894529,13.206180863029928,12.774838580121013,13.38404119128603,13.045890423370778,11.842983999374029,12.991229134650698,12.171803560960637,11.682076218390451,11.807041912980196,12.404196522084213,11.735923821985651],"mRT":[0.06684134842300947,0.13338646178612762,0.12320449286842208,0.12381378159175042,0.11373004921191227,0.10432443789433649,0.097558240035300337,0.072672283166029569,0.069334831146379061,0.068715026238786378,0.069154217056518058,0.064428526056673582,0.066255964398010458,0.064347609583202584,0.066739753393077458,0.0655911532501415,0.066285550514425917,0.06095231566792407,0.057578950587902446,0.052810133668563124,0.055302529893268143,0.051359416942337893,0.050915424577408788,0.051892325454396787,0.052778789516615639,0.053562288285331869,0.05647198163148022,0.0544060889651122,0.054692023647135796,0.058350305775878734,0.059655262255319662,0.04000329552784699],"sdRT":[0.076810112790851176,0.13441477819117112,0.11967662172674197,0.11462098032732808,0.084838378685502577,0.079845480594123178,0.068601136151092784,0.037802384728579337,0.036137315350796236,0.0364091447926338,0.036170490692745,0.035908391898837225,0.036599001488234674,0.036524475200988796,0.037599580363180861,0.037382255345745616,0.036673493715402676,0.035759030766994514,0.035822633600489553,0.034990999526867683,0.036265645286304021,0.034582061569772719,0.035841714152358893,0.034268647376882969,0.034675736287985079,0.034748372802444263,0.034652268406688433,0.033688416457308308,0.035392346754724212,0.036925560962750507,0.037509500549408339,0.029762608893215831]}