{"cf": [2540.8390418606, 5078.8508390214, 2910.6098334881, 3106.3074047011, 2760.5735366591, 4663.0956477729, 4055.8087575228, 4393.90667234, 4217.4510582794, 2030.3708611736], "op": [-39.02669754135, -44.73208300985, -49.09006722705, -50.030047741349996, -54.13514761055, -51.27781879625, -54.14216598635, -61.48065481635, -60.72177929935, -66.69675097825], "rt": [0.2475523147, 0.0885580223, 0.2665144991, 0.2467552992, 0.39868535460000004, 0.1045197974, 0.1521384576, 0.1557629964, 0.1596399127, 0.3580825065], "synthMethod": "matchedMode"}