{"cf": [2677.9556603731, 3209.9370338978, 4973.8335635836, 4848.1691301542, 8862.4215311528, 4014.8894038695, 4230.3643156703, 7780.2386517048, 3710.0329669927, 8498.2429453511], "op": [22.0565921751, 15.489794937, 6.0302088167, -4.4483987014, 1.9295552786, 2.3847864661, -5.5244851863, -6.2248685617, -0.695649, -0.5877151991], "rt": [0.7544721160000001, 0.9552117712, 0.1132787135, 2.0054680811, 0.1029885333, 0.10720238300000001, 0.4374325788, 2.3529346634, 0.1638715467, 0.1237382296], "synthMethod": "matchedMode"}