{"synthMethod":"hierarchicalSample","mu01":[2369.4481923201829,-46.113487367511659,0.16510970746725437],"Sgm01":[[5.7277123635529531E+6,-6075.6753685989852,17.210585498046679],[-6075.6753685989852,81.282741219708839,0.36576377176995073],[17.210585498046679,0.36576377176995073,0.016666632410244037]],"mu02":[2375.2504880852894,-47.42996056751015,0.15358717714751824],"Sgm02":[[5.3965764149705609E+6,-4132.3328875747993,63.386896595623341],[-4132.3328875747993,79.199681496115,0.11522560501053757],[63.386896595623341,0.11522560501053757,0.015088537782168151]],"mu03":[2465.8214395235746,-49.798973098837806,0.15000275393577342],"Sgm03":[[5.2031605975497207E+6,-2760.4407381110109,76.157759029000474],[-2760.4407381110109,106.44123252138262,0.047520290540041685],[76.157759029000474,0.047520290540041685,0.014574317018674609]],"mu04":[2780.8934399239993,-51.729051842378482,0.15205008395732483],"Sgm04":[[5.8953718099681409E+6,-2377.7010203625746,75.699659868926815],[-2377.7010203625746,120.25309624983745,0.054320595644325328],[75.699659868926815,0.054320595644325328,0.016244342941934841]],"mu05":[2858.9541322820719,-52.611133738200678,0.15027491357991349],"Sgm05":[[5.6822693946309434E+6,-2313.7549332526205,69.964470926901626],[-2313.7549332526205,120.8192402406317,0.11181802438001684],[69.964470926901626,0.11181802438001684,0.016298272015748027]],"mu06":[3022.5865308162238,-53.942777960140489,0.14466540762415833],"Sgm06":[[5.95906104461607E+6,-2275.303263439343,62.1818837252408],[-2275.303263439343,136.16421150892538,0.16587821314103027],[62.1818837252408,0.16587821314103027,0.014988666156962193]],"mu07":[3107.8231378856831,-55.068768543426884,0.14387578806583512],"Sgm07":[[5.8335505866541937E+6,-1670.6092929609331,68.030864025251688],[-1670.6092929609331,139.28112869747952,0.18684733581667184],[68.030864025251688,0.18684733581667184,0.014815484629863568]],"mu08":[3192.280549465559,-56.1626779197345,0.1437832597367332],"Sgm08":[[5.7446950833116975E+6,-2099.6968399571465,60.801806942359633],[-2099.6968399571465,152.9489807758394,0.21450500117676752],[60.801806942359633,0.21450500117676752,0.01485101420641953]],"mu09":[3241.1033513770067,-56.928796325429907,0.14535751375018563],"Sgm09":[[5.7641765143703837E+6,-1836.9392554262572,54.042341839332522],[-1836.9392554262572,158.46770236877472,0.2091857376800757],[54.042341839332522,0.2091857376800757,0.01556631687054571]],"mu10":[3315.1686191587469,-57.467369221535655,0.14299896764967659],"Sgm10":[[5.8618501481470205E+6,-1969.1349332784803,44.9281868510439],[-1969.1349332784803,159.22932599681118,0.25951095342269492],[44.9281868510439,0.25951095342269492,0.015154789838125939]],"mu11":[3415.6769423802407,-57.890230120501371,0.14243777297897073],"Sgm11":[[6.1213958294388E+6,-2595.5560398826847,35.328753982727456],[-2595.5560398826847,158.17680968318754,0.28483485095688921],[35.328753982727456,0.28483485095688921,0.015347278348455663]],"mu12":[3478.4635769105007,-58.358650277333027,0.14366797657192495],"Sgm12":[[6.235311936910891E+6,-2759.72980867258,23.68522767205252],[-2759.72980867258,162.68668905461442,0.28134996286520086],[23.68522767205252,0.28134996286520086,0.0160572145409079]],"mu13":[3587.0365300007597,-58.7985194712548,0.1418819422301878],"Sgm13":[[6.6281751093727276E+6,-3834.4708632410084,17.072000391724032],[-3834.4708632410084,164.27139458417616,0.29008435384765818],[17.072000391724032,0.29008435384765818,0.015721428088018977]],"mu14":[3718.8028646862417,-59.269491066212773,0.14184927930135249],"Sgm14":[[7.1032676755034281E+6,-5151.1926401054134,4.2936429853369038],[-5151.1926401054134,168.38192628075956,0.28758823335268108],[4.2936429853369038,0.28758823335268108,0.015984642523742928]],"mu15":[3770.4972551299852,-59.809189326266527,0.14193443721258547],"Sgm15":[[7.0295861054075174E+6,-5048.8897654706643,3.4593775386898398],[-5048.8897654706643,175.01011255898894,0.26603014124305757],[3.4593775386898398,0.26603014124305757,0.016109616185342526]]}