{"CF":[0,262.64301138403982,417.0645443464968,688.556661652056,1197.1042371520716,2191.5604305119559,4561.6068895952567,650.43905600147991,761.32446625297325,886.88806956322378,1029.0728569080663,1190.0790180831789,1372.3979877875443,1578.8509984764278,1812.6327365567704,2077.3607774678735,2377.131564613544,2716.5837983726278,3100.97021607928,3536.2388737079104,4029.1251870282017,4587.2561564896951,5219.2683886280947,5934.94174027523,6745.3506536040959,7663.0355237914946,8702.1967510682825,9878.9144799492733,11211.39742592246,12720.264639980496,14428.864571063619,18040.909090909092],"mOP":[-28.055555633765618,-14.209995439161878,-15.094585976667403,-17.597758479121811,-17.212098631223668,-12.615990063134198,-12.330339352277418,-8.9832309996860644,-10.288150820814899,-12.304168357868081,-13.904175825360216,-12.724306052075727,-12.920248890298973,-13.150456539716647,-13.503906940137863,-14.149877215640458,-13.783982609452034,-12.280740230980996,-11.95843685304135,-10.092237906371681,-10.203769024955102,-9.27361998866418,-8.9806957067576789,-9.9187173120546213,-10.071683619293744,-10.211267591898428,-11.382342620360056,-11.546964248341508,-13.360719406139378,-15.611773693936854,-17.831782488988718,-23.7281536731151],"sdOP":[5.1546079770088964,5.9713320799805478,7.5806041552809438,8.90458770135887,10.76484027589038,10.926090634831631,11.545835690448175,10.072073285607171,6.8413124558235419,9.1409459826755075,8.5029378399358961,8.3414207230497972,8.78999333289646,9.0034282495683264,9.1298282357619165,8.8982053206720053,8.7534087727093937,9.100109591257187,9.497234314304615,11.360001577557492,11.345129879914413,11.50533081593159,10.99493667429191,11.652419054730228,11.053893998706714,10.650948510483014,12.481001444782049,11.888575584990361,11.756807190209759,11.395250130086518,11.833579915201799,12.139502790171353],"mRT":[0.083369760086681469,0.13656657078173906,0.13203313415113668,0.1361679048083603,0.12580592050468528,0.11864573901084828,0.11063516454840003,0.071877672065332854,0.069015052237385285,0.070377515888059447,0.071588258967938689,0.065781566656813173,0.067755837322477974,0.064540353341893,0.066304377846747767,0.065950980629170666,0.0659531576465304,0.061239190384752333,0.061218346972834965,0.058608748343924044,0.06083538052118366,0.057777153935492057,0.05584912843364389,0.058095276099685018,0.057460989239478955,0.057055445547072557,0.06038101784939913,0.056962090466495058,0.058352508713979588,0.060652761790361227,0.063193270988886455,0.0442977655488492],"sdRT":[0.093949915218653438,0.14490233201807268,0.14738815102197317,0.14336176436568596,0.10468303296502916,0.097744640191532048,0.083005952333172567,0.037920659409375772,0.037276750498279589,0.037346028659571096,0.037107674107968551,0.036898306089357062,0.03842229655396999,0.038173246040648638,0.04011977476785434,0.038668129489054036,0.038052306958823459,0.037884298155006782,0.037379005288866257,0.038683431153037177,0.039349227604999031,0.037912058173118823,0.039746841809324689,0.037159939411413705,0.037865751965423231,0.037792315349144588,0.03634804618276035,0.036729238641573174,0.03837322654790077,0.039106082876193313,0.039540750943060421,0.033925602843580122]}