{"cf": [216.470837834, 412.465607176, 3028.7361001266, 1014.8602054161, 1357.9793277415, 2494.1996718491, 1948.6400036972, 2190.4391779737, 4677.2928754846, 3602.2079954591], "op": [-71.298520731, -79.6382284327, -73.1725166865, -85.6025721435, -86.9451995167, -94.4789878338, -89.47908405300001, -89.6928518158, -90.2915703502, -91.1305854746], "rt": [0.1049322095, 0.30634666180000003, 0.1078545105, 0.28375614930000004, 0.3695125468, 0.2395704995, 0.2235719421, 0.24280302150000002, 0.16127384220000002, 0.21379674140000002], "synthMethod": "matchedMode"}