{"cf": [4565.3561323328, 3492.6534660658, 988.7515809511, 1302.5478790263, 2057.9387637456, 2240.5671470801, 1744.4727983798, 7269.1389206608, 5657.946517015, 5843.5677272527], "op": [-6.9655017261, 5.0755622902, -7.1625704273, -3.5255496003999998, -3.0244194988, 4.8708090092, -8.8252681489, -7.2242924922, -11.9177536144, -5.12983272], "rt": [0.9440008064000001, 0.1536694928, 2.079007913, 0.1703235837, 0.2435079178, 0.1270552681, 0.3752895309, 0.15491937020000002, 0.5574548185, 0.10646941500000001], "synthMethod": "matchedMode"}