{"cf": [81.3900254093, 1126.9583710292, 4557.1173700886, 2025.1446708996, 2982.7811238827, 3495.4237513153, 3146.4906724335, 2352.8531143207, 4027.4183182337, 7588.2576383518], "op": [10.6852825475, -3.0451380725, 0.6081547169, -5.8192783528, -7.7043037973, -6.1536058075, -7.0809760626, -11.9196780317, -9.5251677894, -8.9088850109], "rt": [0.3386353264, 0.10699582740000001, 0.1978629837, 0.12160348160000001, 0.2721170872, 0.1682244446, 0.150114211, 0.2466796466, 0.1110131344, 0.1820307405], "synthMethod": "matchedMode"}