{"cf": [520.6745161037, 3654.5723257047, 1027.5897315875, 4671.5933068787, 1597.4280143278, 1718.639785366, 1343.5252666697, 7517.4026165045, 4993.6311115678, 7865.0337686085], "op": [-70.9411429158, -63.6783207852, -74.6085818402, -88.16258544050001, -96.9833977266, -90.6489197018, -89.0686175737, -92.8890656829, -96.79350069200001, -94.19019030129999], "rt": [0.09766913960000001, 0.0537423677, 0.0240299809, 0.15181308200000002, 0.3913038461, 0.0644117882, 0.1292374295, 0.17401216900000002, 0.18576694200000002, 0.1766880942], "synthMethod": "matchedMode"}