{"cf": [170.7458748348, 2743.8557898365, 3593.7927392266, 4663.7364644582, 5494.3932004505, 7581.0996779992, 7051.3704628399, 6676.497450461, 6159.7262434003, 9576.2272393381], "op": [-74.8802270007, -93.8514075336, -94.3663456751, -99.0601480666, -97.8583141532, -99.7198635163, -100.4862345115, -102.1850301576, -103.3254295358, -106.9367098194], "rt": [0.0965904368, 0.11358509380000001, 0.0735439443, 0.21477705660000002, 0.0918388242, 0.0884012172, 0.1298700358, 0.2636256004, 0.1818735884, 0.2020992712], "synthMethod": "matchedMode"}