{"cf": [81.3900254093, 1126.9583710292, 4557.1173700886, 2025.1446708996, 2982.7811238827, 3495.4237513153, 3146.4906724335, 2352.8531143207, 4027.4183182337, 7588.2576383518], "op": [-76.40142096139999, -90.13184158140001, -86.478548792, -92.9059818617, -94.7910073062, -93.2403093164, -94.1676795715, -99.0063815406, -96.6118712983, -95.99558851980001], "rt": [0.3386353264, 0.10699582740000001, 0.1978629837, 0.12160348160000001, 0.2721170872, 0.1682244446, 0.150114211, 0.2466796466, 0.1110131344, 0.1820307405], "synthMethod": "matchedMode"}