{"cf": [774.792877666, 7583.6069516402, 3143.8599858174, 4570.8067181098, 3427.9318427266, 5071.6249770075, 3668.4346534466, 5231.3880329277, 4781.2106287402, 6996.7368120444], "op": [-86.2798226683, -87.0378744779, -84.5978928022, -85.7407449502, -88.6439784788, -91.6423236959, -87.9123194181, -92.66878712740001, -88.00884709729999, -87.2508201392], "rt": [0.2765407902, 0.2293828974, 0.16428977290000002, 0.2258326002, 0.2999270445, 0.20837659790000002, 0.1352870528, 0.3112072668, 0.13912531790000002, 0.16407467550000002], "synthMethod": "matchedMode"}