{"cf": [269.2483219059, 2447.5118832709, 3528.6448272614, 5159.6623910504, 5851.1057378949, 7221.2086658127, 7546.5655015092, 7885.893519645, 17528.0536484205, 6849.7028964619], "op": [-62.819128199000005, -75.8231113826, -60.5436649036, -65.9001814605, -67.3914572705, -72.0947587311, -76.7095364534, -74.61447076339999, -81.45204829490001, -77.5411332629], "rt": [0.10781496700000001, 0.9082431241000001, 0.1333859378, 0.1219616309, 0.3069358293, 0.1155078261, 0.30018013050000003, 0.12983270430000002, 0.6332594807, 0.10820770780000001], "synthMethod": "matchedMode"}