{"cf": [202.9169651077, 2716.0359483948, 655.7078491825, 2492.3228499517, 2872.5495210629, 1204.8508755341, 1387.7406278267, 1727.613905842, 6652.7164578502, 4541.0836596922], "op": [15.7970510489, 19.424929524, 5.3154631812, 6.0872371195, 0.6976914168, -1.8017472685, -4.300657064, -1.8511311155999999, -6.8602074884, 0.0681969132], "rt": [0.17670846880000002, 0.1829585309, 0.199668211, 0.2642852633, 0.36003541650000004, 0.32658404890000003, 0.4046760334, 0.2512161379, 0.4712711154, 0.2358326444], "synthMethod": "matchedMode"}