{"cf": [269.8805956789, 596.8480922733, 951.5327030163, 1134.3217393536, 1878.7920572973, 2125.836119782, 1411.6524542455, 4517.1702629987, 2856.0730161153, 3456.2713112], "op": [-86.8865175555, -99.0676001703, -91.2502753134, -93.1896617915, -92.0160212946, -92.0608449845, -92.8673573272, -92.8820894281, -96.9560306243, -93.1460600331], "rt": [0.1780050275, 0.25832506720000004, 0.314254754, 0.0982564142, 0.1905948663, 0.034241640500000003, 0.0232283327, 0.1439897816, 0.27125285320000003, 0.11742449910000001], "synthMethod": "matchedMode"}