{"cf": [774.792877666, 7583.6069516402, 3143.8599858174, 4570.8067181098, 3427.9318427266, 5071.6249770075, 3668.4346534466, 5231.3880329277, 4781.2106287402, 6996.7368120444], "op": [-66.2798226683, -67.0378744779, -64.5978928022, -65.7407449502, -68.6439784788, -71.6423236959, -67.9123194181, -72.66878712740001, -68.00884709729999, -67.2508201392], "rt": [0.2765407902, 0.2293828974, 0.16428977290000002, 0.2258326002, 0.2999270445, 0.20837659790000002, 0.1352870528, 0.3112072668, 0.13912531790000002, 0.16407467550000002], "synthMethod": "matchedMode"}