{"cf": [269.2483219059, 2447.5118832709, 3528.6448272614, 5159.6623910504, 5851.1057378949, 7221.2086658127, 7546.5655015092, 7885.893519645, 17528.0536484205, 6849.7028964619], "op": [-82.819128199, -95.8231113826, -80.5436649036, -85.9001814605, -87.3914572705, -92.0947587311, -96.7095364534, -94.61447076339999, -101.45204829490001, -97.5411332629], "rt": [0.10781496700000001, 0.9082431241000001, 0.1333859378, 0.1219616309, 0.3069358293, 0.1155078261, 0.30018013050000003, 0.12983270430000002, 0.6332594807, 0.10820770780000001], "synthMethod": "matchedMode"}