{"cf": [3641.8472346838, 396.7528017082, 1874.8323325718, 884.5281215115, 4608.1304732069, 575.8426725973, 5501.1748159674, 9676.4418553452, 7545.432401248, 7209.7918948388], "op": [-64.1669090801, -79.6316172576, -80.5506667642, -83.7186734618, -91.458662038, -89.9099027557, -100.877658985, -95.64542276329999, -101.5182321966, -100.7204130656], "rt": [0.0549350237, 0.0928675127, 0.0611385891, 0.0355381584, 0.0454042809, 0.0941836885, 0.1547795515, 0.0801157151, 0.2351317476, 0.1301274254], "synthMethod": "matchedMode"}