{"cf": [339.6149508276, 793.5147680725, 3397.9386951964, 2090.8362643058, 3765.690322621, 4196.15702003, 1627.4574493299, 7472.6744262395, 4857.2350149292, 6570.3356675692], "op": [-24.12867482935, -52.626287759549996, -46.60422645135, -63.30148664585, -59.83936192285, -57.45662621705, -60.24810525225, -60.55310343575, -53.25063521905, -65.12113821525], "rt": [0.0522057745, 0.0543823239, 0.043592456700000004, 0.0482933553, 0.0391437082, 0.0343858092, 0.0367144388, 0.0634230668, 0.030239055600000002, 0.0238407873], "synthMethod": "matchedMode"}