{"cf": [1001.283137447, 2398.1013377945, 12554.5256562278, 10212.8691955485, 10618.1317261412, 11374.0732100037, 11025.9802135012, 11209.6500057419, 11740.1698810676, 10013.3925636518], "op": [-33.736447399300005, -37.101838969300005, -36.7239919382, -34.946787615299996, -29.290136366500004, -37.1727380296, -37.6356096376, -52.2369821046, -52.5543237594, -47.6230587936], "rt": [0.1676467325, 0.2214029714, 0.0476186268, 0.0482560862, 0.0565732871, 0.059378971100000004, 0.0774332497, 0.0912659071, 0.0793447811, 0.0793959784], "synthMethod": "matchedMode"}