{
	"synthMethod": "firstTest",
    "Sgm": [
        [
            5039685.105684853, 
            12989.733377731343, 
            -175.7465367718745
        ], 
        [
            12989.733377731343, 
            151.0603221367095, 
            -1.1433571179004092
        ], 
        [
            -175.7465367718745, 
            -1.1433571179004092, 
            0.012448504534846788
        ]
    ], 
    "mu": [
        4888.046282294096, 
        -35.09692914687669, 
        0.1639748918541374
    ]
}
