{"cf": [4855.1261886573, 12046.4189881192, 11877.0959431287, 4672.2902783412, 6686.4206859313, 11024.2671032105, 7751.7225501836, 2704.3865336379, 7367.8804623938, 1807.4524858198], "op": [-62.7280419283, -60.048459488, -69.1060233029, -74.4566461425, -76.90597327980001, -81.8762546438, -82.58828044879999, -85.5025758294, -87.2416243452, -87.2162781993], "rt": [0.1253779075, 0.0605429175, 0.0796462647, 0.12995030500000002, 0.1137725512, 0.10197893840000001, 0.102357267, 0.1971009901, 0.1433460912, 0.1776200856], "synthMethod": "matchedMode"}