{"cf": [4855.1261886573, 12092.231842542, 4672.2892068863, 6687.7170469653, 11377.6245095762, 7751.1680518456, 2704.7721392373, 7362.3731614784, 1831.9322119137, 9581.3078396603], "op": [29.1579384095, 21.5543833968, 17.4292995011, 13.5466120755, 20.1672047596, 9.0946291217, 6.3599709009, 3.5615451898, 5.0460029259, 1.7293650336000002], "rt": [0.1253779075, 0.1248019212, 0.1299528505, 0.13323026740000002, 0.108853525, 0.10940445850000001, 0.19696036620000001, 0.1496642899, 0.1778246075, 0.1753645654], "synthMethod": "matchedMode"}