{"cf": [7368.6361663593, 8232.237252186, 8441.4255849349, 9649.4283056885, 6171.5528298581, 8607.5592005371, 9220.7326861817, 9592.7063353506, 3049.6094872284, 3950.7103628454], "op": [-71.9451992448, -90.4317643213, -81.5540294711, -89.472406063, -92.8375340362, -91.2721629337, -86.0069923673, -91.8723173832, -83.0781356439, -80.7633358576], "rt": [0.30729662760000004, 0.1231291301, 0.0586542341, 0.5512865013, 0.5821118891, 0.4650388218, 0.1196581414, 0.1304666622, 0.1549398616, 0.08109180960000001], "synthMethod": "matchedMode"}