{"cf": [875.7799257976, 3698.1476576043, 4413.9810365133, 3580.1474959282, 3854.3117364252, 4136.8307077147, 7530.4889392991, 6307.2990921308, 8061.247992083, 9596.7350894972], "op": [5.6929126834, 17.036892345, 7.2729419509, 3.941421068, 10.824646212, 5.6921252474, 3.129634307, 2.1358377144, -4.1736552254, -3.8651016948], "rt": [0.33919956830000003, 0.1172468744, 0.11383905770000001, 0.21581765930000002, 0.1436634521, 0.1223658807, 0.1154385914, 0.10481563420000001, 0.1482729325, 0.15768248940000001], "synthMethod": "matchedMode"}