{"cf": [542.8557150179, 3741.9591189733, 878.9388581526, 1547.9939902001, 2226.4290489722, 5336.5941547817, 4910.2307148069, 4655.4654725468, 7432.9942657705, 6290.592323878], "op": [-61.384535607000004, -51.4048837445, -57.5764313786, -63.9924569339, -79.3232184271, -74.09511280379999, -79.657974485, -81.7592701368, -91.4718168675, -93.4199838773], "rt": [0.0704957698, 0.0467789669, 0.053871590600000005, 0.0332107597, 0.0639291252, 0.066743202, 0.0464788064, 0.0828701072, 0.1984862531, 0.1232248088], "synthMethod": "matchedMode"}