{"cf": [561.2896248781, 740.4306918592, 102.1930034776, 2258.8917725392, 3959.3017554085, 5689.5801564267, 5851.4079031399, 6343.3115981415, 6686.9874067565, 9475.3972678838], "op": [-58.6333809639, -55.1787236293, -76.228876738, -86.9824405526, -87.19189176590001, -89.9137539396, -90.2250876902, -86.5360480944, -92.5943408469, -95.2356025482], "rt": [0.10039491190000001, 0.1147470695, 0.251105352, 0.3735209081, 0.1585179696, 0.4424153436, 0.5522235343, 0.10226004820000001, 0.5491488870000001, 1.0779533857], "synthMethod": "matchedMode"}