{"CF":[0,272.54008929704395,427.827444871447,700.24735951958507,1209.786674689065,2205.3000392617564,4576.469961079144,666.49193128117884,778.63250870894285,905.51437921885724,1049.076677576779,1211.5137804466774,1395.3089220597744,1603.2722393747388,1838.5838306667586,2104.842488495879,2406.12085517783,2747.0278475551036,3132.7793095602769,3569.2779774954411,4063.2039860671375,4622.1173052170961,5254.5736811681008,5970.2558626842047,6780.1221285192942,7696.57439801458,8733.648507898095,9907.22957917251,11235.295783798587,12738.194257629038,14438.953400448248,18040.909090909092],"mOP":[-27.650112882828559,-16.7914519023361,-17.190744946237452,-18.647869811083385,-17.732679797976026,-13.73676599063025,-13.386195953951713,-11.979644914368702,-10.855738198483357,-10.935545347323583,-11.020336212158272,-9.5357173564033637,-10.840163449663011,-11.211693337853072,-11.155728007280647,-11.647285744911768,-11.69957785952975,-10.164289561686626,-8.83050849802719,-6.2763563676674723,-5.9760533012547956,-4.3680436627683452,-3.7283791346195105,-4.7037059122631737,-5.7450114108092487,-6.7089849126516956,-7.4888235958830567,-7.4046995673053466,-9.354886554608747,-12.557373741394157,-14.210805681966958,-23.338852743828188],"sdOP":[5.2640711684375416,7.4584106590791084,8.5795834502509134,8.873927386905887,10.064371340595416,10.933955674570718,11.303120272594439,11.073414104340637,8.6115587352585727,9.5945301325085257,9.1143537556553813,9.7718154380725988,9.954393276548144,8.8990844334525772,9.85021064122203,10.419027495405496,9.5549066336908819,8.7031311374767668,10.420307729783238,11.634571710213914,11.565362356944435,12.487080244667712,12.679167335485214,12.791016427865355,12.63954761716724,11.525828556009067,12.624104275613334,12.044802354161796,11.429321178915874,11.409370201990694,12.427467533334603,11.994422806142721],"mRT":[0.071112150144796021,0.1472508834020623,0.12305938569136558,0.12465796937022008,0.11474069447101355,0.107803001694979,0.099776349089033267,0.0730955044085696,0.070247611219073733,0.069440703410641486,0.07008534571054148,0.066239668885044414,0.0678457890529176,0.066226294043490175,0.068163888275689741,0.067165945728342114,0.067772981670501317,0.0632643581357323,0.060324691019259656,0.056478720696420334,0.058524757847856247,0.055052238321486736,0.054568891472364538,0.055690624803248337,0.056083320494547409,0.05682196011942562,0.05948976885731809,0.05637885432080747,0.057439792491702404,0.061176361697320117,0.061878367611756205,0.042714359290155476],"sdRT":[0.0718299064021644,0.16141641372117152,0.11000308331568086,0.10600809844067062,0.079231724679788826,0.075325069148010473,0.063052756633618492,0.038880134363191168,0.037545222184831681,0.037629538374503786,0.037557438584064608,0.037503212647616482,0.0380686811112308,0.038036148216175333,0.038783672274759158,0.03861880948704717,0.038057162588524977,0.03750147128572321,0.03760047582044989,0.037328123354833681,0.038124825066172749,0.037171806156704061,0.037768049792367482,0.0368493899029281,0.036950967977366293,0.036960451810969387,0.036789750086998578,0.035408132983628465,0.037039144914857679,0.038549092857777391,0.038716746079084138,0.0315025765512032]}