{"cf": [1023.318243095, 1674.7952475942, 1548.0675914296, 5039.2713777203, 1422.0748433741, 3660.8147842744, 827.2028397927, 5164.7413469386, 1809.557543242, 2390.4067395817], "op": [-42.62080317895, -44.74807087515, -47.44888425645, -52.96811181785, -47.46799004175, -46.28979687195, -45.017950335150005, -61.47559792835, -57.37585592295, -52.071648430850004], "rt": [0.0580954022, 0.1111643063, 0.1274651277, 0.1379626867, 0.1044162949, 0.0963182924, 0.06612756, 0.1857703152, 0.14181616760000001, 0.1832031406], "synthMethod": "matchedMode"}