{"cf": [3881.3329403429, 6955.4247747385, 2251.1715875936, 1468.5770816014, 7826.7064079605, 5486.8377280938, 2238.7047172825, 6079.916186929, 1978.8342639374, 4949.0089056662], "op": [-48.6233199251, -76.40472147919999, -75.38484276610001, -68.1421577147, -69.5645230668, -72.3997334039, -69.8579767567, -66.8547150215, -75.42558315139999, -75.6152118504], "rt": [0.09630021180000001, 0.1997341503, 0.2395203528, 0.10987063770000001, 0.0742098014, 0.0809744741, 0.1510127104, 0.0339106429, 0.1719092153, 0.14951057410000002], "synthMethod": "matchedMode"}