{"cf": [2716.2694489708, 1202.3950346515, 1116.352352793, 1370.7943015428, 4968.4001314774, 1701.7830654678, 3759.6636230828, 7528.7517160328, 4321.9962755303, 7933.1502586249], "op": [29.6362484528, 9.7794315539, 16.6473184755, 6.8819585215, 16.7079938648, 11.6215597909, 5.7672046364, 7.4164762575, 6.4709316015, -1.0899747933], "rt": [0.2129862649, 0.2256969239, 0.2348772039, 0.2958618019, 0.1077835385, 0.18376067470000002, 0.52734197, 0.10436719870000001, 0.1100525076, 0.14877801170000002], "synthMethod": "matchedMode"}