{"cf": [2507.2371527256, 456.9608349185, 2130.2060481984, 4552.6125079383, 1851.350487695, 857.1824895111, 8156.1126536207, 8700.4334852447, 4934.5263417434, 8542.4727215196], "op": [-79.578238339, -75.093254913, -92.57946794509999, -79.9854170765, -77.4773252119, -75.97134466360001, -83.6186826176, -88.0188199236, -82.3817922881, -91.2971985653], "rt": [0.2466640995, 0.0749069451, 0.1529361468, 0.1138433305, 0.0446610163, 0.0291453689, 0.10226486800000001, 0.12811863810000002, 0.0710931072, 0.0933841425], "synthMethod": "matchedMode"}