{
	"synthMethod": "firstTest",
    "Sgm": [
        [
            5231702.572782462, 
            -4115.1784560335445, 
            16.842698888971942
        ], 
        [
            -4115.1784560335445, 
            75.40804351507809, 
            -0.28808663847284194
        ], 
        [
            16.842698888971942, 
            -0.28808663847284194, 
            0.004118453949485313
        ]
    ], 
    "mu": [
        5637.061652362819, 
        -42.469816108805745, 
        0.12518108883156104
    ]
}
