{"cf": [1629.5560021426, 1539.1715548966, 2440.5942887184, 1214.5992356365, 1397.0337883613, 859.9258096483, 1860.3925870226, 924.7856673322, 645.306953674, 1278.8180427902], "op": [-72.4416000817, -82.5856993836, -79.6982126145, -69.0379341182, -82.04359631380001, -76.7240222944, -76.2834486799, -78.955011118, -83.78354898890001, -85.3907358068], "rt": [0.2492649824, 0.5933237029, 0.4353188576, 0.21587560390000002, 0.46200183570000003, 0.1817458904, 0.1864336631, 0.0880399093, 0.19949270900000002, 0.4651724827], "synthMethod": "matchedMode"}