{"cf": [537.3214934704, 803.6658222138, 379.4087789566, 729.3238980636, 947.2438788098, 1033.7299641016, 1626.1632964945, 1382.1038665553, 1943.0502675424, 1128.3443142892], "op": [-24.51688900035, -39.66829242435, -42.56788358875, -33.25464765555, -43.29659784495, -50.68917367855, -40.27678307695, -52.664844383849996, -47.60135761875, -45.55338590825], "rt": [0.2410164561, 0.1326275405, 0.34210455830000003, 0.15464170130000002, 0.1500505791, 0.1770900486, 0.10958199040000001, 0.1582079221, 0.0959841731, 0.1351802591], "synthMethod": "matchedMode"}