{"cf": [2522.7511801995, 2136.3346431868, 3431.0540549764, 1797.7224986238, 5673.8026174026, 4193.2099097124, 9946.1126228937, 6755.3680193586, 10692.5163020875, 9775.3025823195], "op": [-67.0168760263, -82.4913030619, -84.92437852169999, -83.99580251, -90.2071369365, -83.0328593359, -86.8829978065, -89.7389742255, -92.345756639, -86.8684728687], "rt": [0.1080700305, 0.1802102894, 0.1456373778, 0.3378403748, 1.2576009199, 0.1597762364, 0.1287368515, 0.22900437, 2.1815350765, 0.1318859258], "synthMethod": "matchedMode"}