{"cf": [1472.4588413435, 1472.3673009957, 1036.6406250382, 731.1395577173, 1976.4369507681, 4293.526742581, 2378.4783497075, 4640.2153828211, 4389.8914143963, 5259.8212174724], "op": [27.7782475874, 26.4763034778, 23.5248498177, 14.9958529146, 19.8310066587, 13.5446690731, 8.2014121667, 9.7405381322, 5.5967987663, 4.6792438796999996], "rt": [0.2499942327, 0.3026788613, 0.3104095388, 0.4311093153, 0.2291537788, 0.29217746710000003, 0.19797080790000002, 0.1838142354, 0.46828171830000004, 0.1927941238], "synthMethod": "matchedMode"}