{"synthMethod":"hierarchicalSample","mu01":[3930.9694079635028,-44.854185097238386,0.14226354660571291],"Sgm01":[[1.1092754615178188E+7,-440.16166151477961,-38.280882484464847],[-440.16166151477961,83.546469767555323,-0.029545161232725471],[-38.280882484464847,-0.029545161232725471,0.012176755945200807]],"mu02":[3927.0907965375482,-46.516615373680914,0.13863964404610241],"Sgm02":[[1.115455259538069E+7,315.12749471423967,-14.1279510495131],[315.12749471423967,111.62857727761799,-0.2672701251499166],[-14.1279510495131,-0.2672701251499166,0.011440579226796614]],"mu03":[4022.344575624124,-48.346948200532118,0.16506737647578942],"Sgm03":[[1.2513900198038284E+7,3005.2704450681572,-134.68914608954114],[3005.2704450681572,131.49380732311951,-1.7962073930680662],[-134.68914608954114,-1.7962073930680662,0.19896518810953417]],"mu04":[4193.0712586807449,-50.109524286434272,0.3348716527868808],"Sgm04":[[1.3039842542609086E+7,3792.274826378281,-814.70875276578261],[3792.274826378281,155.53005278775575,-12.415383535880144],[-814.70875276578261,-12.415383535880144,7.2133107591256742]],"mu05":[4158.3347863807121,-51.395040385577644,0.4807991082972049],"Sgm05":[[1.3081490404560274E+7,5421.6663042856762,-1393.7874414223186],[5421.6663042856762,176.10326212629099,-21.300947770008751],[-1393.7874414223186,-21.300947770008751,13.244121161657988]],"mu06":[4264.8311357711891,-52.247550389949417,0.47329719690128014],"Sgm06":[[1.3098448558645133E+7,6113.204193698657,-1424.5216211570066],[6113.204193698657,187.51958678752422,-20.616116421849409],[-1424.5216211570066,-20.616116421849409,12.812140993075559]],"mu07":[4297.0247227469872,-53.308938610616025,0.48931855743530683],"Sgm07":[[1.2720761000894664E+7,6097.6209885397129,-1496.2320311144222],[6097.6209885397129,196.72532045571862,-20.971315242374757],[-1496.2320311144222,-20.971315242374757,14.217928289954383]],"mu08":[4353.8909676828216,-54.293380945582953,0.49077370182396512],"Sgm08":[[1.2638344357497597E+7,5725.8357336006975,-1527.29230826859],[5725.8357336006975,215.51734324012372,-20.755635128387283],[-1527.29230826859,-20.755635128387283,13.843692891645082]],"mu09":[4354.5338172952879,-54.857893073322437,0.45212719311491328],"Sgm09":[[1.205401849991286E+7,5439.1336047497816,-1370.7770603445638],[5439.1336047497816,215.90181188194398,-18.351921292462368],[-1370.7770603445638,-18.351921292462368,12.322113152989754]],"mu10":[4370.907462297002,-55.35248085700298,0.4699287943399707],"Sgm10":[[1.1820377833510173E+7,4878.5067951441633,-1455.9045111902644],[4878.5067951441633,221.84665705922836,-19.122097517337124],[-1455.9045111902644,-19.122097517337124,12.892687302005081]],"mu11":[4423.4039323683146,-55.899720655970675,0.49578224434704704],"Sgm11":[[1.1651676725786647E+7,4079.810261023973,-1573.7791232403845],[4079.810261023973,229.44139990532526,-20.651441488851784],[-1573.7791232403845,-20.651441488851784,13.977071502313072]],"mu12":[4464.850713691616,-56.271037569490062,0.468979044401725],"Sgm12":[[1.1532312643637689E+7,3070.3103988427738,-1480.2108338467165],[3070.3103988427738,232.49616111256921,-19.023696288655621],[-1480.2108338467165,-19.023696288655621,12.957973089666885]],"mu13":[4535.8708543540406,-56.719014447889712,0.46897188573478044],"Sgm13":[[1.1536479612036109E+7,2419.6978485125023,-1504.2417567760324],[2419.6978485125023,235.84430139785403,-18.909841116098921],[-1504.2417567760324,-18.909841116098921,12.848537631229682]],"mu14":[4589.9552528381246,-57.109727431393345,0.44695068676048483],"Sgm14":[[1.15565523572777E+7,1193.4175626333758,-1431.9942937143499],[1193.4175626333758,236.47869453424681,-17.57370627320535],[-1431.9942937143499,-17.57370627320535,12.031606253666462]],"mu15":[4610.9415867953758,-57.615210172653562,0.45042836929108221],"Sgm15":[[1.14284766864763E+7,1564.2244646720744,-1453.1239514653992],[1564.2244646720744,243.90761258409466,-17.641456726946824],[-1453.1239514653992,-17.641456726946824,11.889785756865777]]}