{"CF":[0,270.64736723447203,415.01406286386339,663.47850945686059,1121.7642930416694,2009.0165624081619,4108.3292428902814,681.91062774098828,796.85752938097312,926.92957058186778,1074.1181619474155,1240.677049445274,1429.1568896214408,1642.4443837596461,1883.806572348409,2156.9409705716603,2466.0323153664781,2815.8167962764765,3211.6547574380033,3659.6129883398116,4166.5578685032142,4740.2607982095305,5389.5175364267179,6124.2832810691407,6955.8255689589178,7896.8973470755827,8961.932877107005,10167.269486731049,11531.398578878041,13075.249760577361,14822.512462817112,18522],"mOP":[-27.542543965047848,-17.435222047035928,-17.678110495767104,-19.1478288709076,-17.906101360147176,-13.82535096718186,-14.02008557835314,-13.034288970581223,-12.19264275833163,-12.1191522805321,-11.737494139678299,-10.32760869051152,-11.27967958795892,-11.584597326484561,-11.953115199337381,-11.975448328101168,-12.073679012038776,-10.354020435743136,-8.6539026774477,-6.1551348531046566,-5.4060931592433681,-3.4744643849070451,-2.7767405558685296,-3.8279138167148115,-5.1152249697973646,-5.7497354730097063,-6.4290690958336612,-6.6005628353478674,-8.6977356154189742,-11.99179446481906,-13.816441092548741,-23.748635042727521],"sdOP":[5.214319195535337,7.4893309073974725,8.3826564413319957,8.8683967739139788,9.7757841575265463,10.388545306916923,10.824036168859312,10.964343518951072,8.965544644029352,9.790713197942198,9.3059581415234955,9.8318462243435576,9.7180395017918091,8.6371989073806752,9.7435824452300146,10.050629702693289,9.777501112599678,8.8294497455247285,10.409653964976016,11.493680209072778,11.839015648139052,12.715162707754688,12.755646147117004,12.795115557010817,12.638105691897197,11.764884445359959,12.999107493014082,12.18716945015888,11.537407164269609,11.493547290527088,12.346543261313119,11.421452520514086],"mRT":[0.071741777009424121,0.141580777393815,0.12029225940840167,0.12169901304579364,0.11297181113449188,0.10686664149158148,0.099803187198349241,0.076324043879541212,0.073817897872784852,0.073107819001364482,0.073675104225276455,0.070290908618839049,0.071704294366567459,0.070279138758271312,0.07198422168260693,0.071106032240941017,0.071640223870041111,0.067672635159444383,0.065004097096313329,0.0614852709390965,0.063054490785212747,0.05955076536465493,0.058845378159276332,0.060009648315672591,0.060688047581964395,0.060979825067478823,0.063228988584744308,0.060410805290867356,0.0615454177978687,0.065192424900872542,0.065903683298908139,0.046751721057340462],"sdRT":[0.067595866299552165,0.15212192998980076,0.10340933556198319,0.099714792877286657,0.0744405921342559,0.070668187898285356,0.059116241644292494,0.0374947645053736,0.0365151167873106,0.036662051585239865,0.036540264179389083,0.03684671232670169,0.037201810115333009,0.037325113559630772,0.0378167892774872,0.037759270194637477,0.037198156868248386,0.037146915759470676,0.037489033072669369,0.037574241244318643,0.037883498651174727,0.037133070942945413,0.037476121953522457,0.036656387887991644,0.036940031012702587,0.036689695948894374,0.036210207841710841,0.035288287870110541,0.036849509093366886,0.038061082492866091,0.038172179869936804,0.031995848934367958]}