{"synthMethod":"hierarchicalSample","mu01":[3987.4625302731461,-44.188885072021073,0.14997875010438888],"Sgm01":[[1.035924538183908E+7,1969.5461521333516,-69.261088469830042],[1969.5461521333516,94.538249180275443,-0.20140594622542965],[-69.261088469830042,-0.20140594622542965,0.01452485450810702]],"mu02":[3985.2209436868175,-45.66100949937546,0.14492104114841003],"Sgm02":[[1.0383186989136919E+7,2147.7848339307798,-43.18720808363463],[2147.7848339307798,121.67464375801316,-0.36734719639980651],[-43.18720808363463,-0.36734719639980651,0.013168643597796707]],"mu03":[4082.3634866410071,-47.343277723063,0.16708360185131443],"Sgm03":[[1.1690593685476448E+7,4395.6613858331775,-151.13625502434215],[4395.6613858331775,137.920902466703,-1.7024195062505236],[-151.13625502434215,-1.7024195062505236,0.17768197501735847]],"mu04":[4278.8789795879184,-48.857870937964066,0.31427043160248597],"Sgm04":[[1.2202745054975379E+7,4923.1804780850107,-759.37643057748949],[4923.1804780850107,162.04260793373814,-11.217905408459378],[-759.37643057748949,-11.217905408459378,6.35295609615125]],"mu05":[4255.8422530917951,-50.088561941670946,0.44199953316187368],"Sgm05":[[1.2316131637424439E+7,6555.6707982184007,-1281.3397329335266],[6555.6707982184007,182.53868296359792,-19.211726099548837],[-1281.3397329335266,-19.211726099548837,11.667734712821712]],"mu06":[4364.4056964608517,-50.803816448479736,0.4342532352409525],"Sgm06":[[1.227970036460498E+7,7234.624877900741,-1306.0606189176453],[7234.624877900741,194.96422668129443,-18.639995350766686],[-1306.0606189176453,-18.639995350766686,11.287497322654954]],"mu07":[4418.0388113929739,-51.805048080918432,0.44782272363265496],"Sgm07":[[1.2005998112646516E+7,7095.107986191194,-1375.6816050015236],[7095.107986191194,205.73699150612833,-18.9895620150159],[-1375.6816050015236,-18.9895620150159,12.525893003571113]],"mu08":[4465.8674298643446,-52.763143901849915,0.44920230588902393],"Sgm08":[[1.192487519583361E+7,6672.1178303417928,-1400.4561448505144],[6672.1178303417928,222.79407226138329,-18.805164503238053],[-1400.4561448505144,-18.805164503238053,12.196570804403702]],"mu09":[4465.5506072187618,-53.377619342665483,0.41542356903552857],"Sgm09":[[1.1387153507259285E+7,6392.5759002526183,-1257.6082787759826],[6392.5759002526183,224.875926501836,-16.630932939605476],[-1257.6082787759826,-16.630932939605476,10.854779554552321]],"mu10":[4466.0117574456108,-53.904892259661018,0.43153113454986924],"Sgm10":[[1.116409445842167E+7,5869.9713361867953,-1329.994806990806],[5869.9713361867953,229.92315456509559,-17.324555039809997],[-1329.994806990806,-17.324555039809997,11.357862143324571]],"mu11":[4518.70875112805,-54.433706145688369,0.45399833743520457],"Sgm11":[[1.103163357464239E+7,5207.6740685260957,-1434.2686004712662],[5207.6740685260957,236.3006699805309,-18.679082127573551],[-1434.2686004712662,-18.679082127573551,12.295476447861285]],"mu12":[4569.9334521435121,-54.793242636731556,0.42999624782216311],"Sgm12":[[1.1018950529093318E+7,4419.2215449284968,-1351.651174673829],[4419.2215449284968,239.05860545679255,-17.196855204210522],[-1351.651174673829,-17.196855204210522,11.383651224080239]],"mu13":[4629.6556992455335,-55.20333633295634,0.42962280120174207],"Sgm13":[[1.099969876958249E+7,3878.6555226918008,-1367.7016089373444],[3878.6555226918008,242.14722488425463,-17.08616831835862],[-1367.7016089373444,-17.08616831835862,11.275217898835406]],"mu14":[4682.5598519877822,-55.550135095263087,0.40977172969573783],"Sgm14":[[1.0996617031602899E+7,2794.8641458165739,-1300.1055852144357],[2794.8641458165739,243.57009848374287,-15.882137824837871],[-1300.1055852144357,-15.882137824837871,10.5476623353285]],"mu15":[4704.5008808834855,-55.996479346763564,0.41255870999399713],"Sgm15":[[1.090615127003454E+7,3320.9609161166982,-1318.7092908222116],[3320.9609161166982,251.13356127646554,-15.948542615486154],[-1318.7092908222116,-15.948542615486154,10.414145073055703]]}