{"cf": [481.294032221, 838.3710446269, 2272.4311239508, 2095.9980714053, 2629.1121115623, 1968.6461874119, 5342.7366007037, 5871.1749034175, 4650.1780157207, 3802.5044854248], "op": [-28.12418639785, -42.56773419295, -40.13436982275, -42.05854701535, -45.83738580795, -46.40492807725, -54.09491268405, -57.38027895245, -53.31908546205, -58.20625753955], "rt": [0.023458241100000003, 0.029100718900000003, 0.0212616285, 0.017614894000000002, 0.025588162100000002, 0.0165999257, 0.037159350800000004, 0.0343782258, 0.030634207700000003, 0.0319203293], "synthMethod": "matchedMode"}