{"cf": [617.8844967057, 2892.8376699737, 1173.0547531808, 4175.5544584087, 6915.4409473906, 5341.9561316432, 7358.0230672337, 7682.8145248308, 5935.349306314, 6183.9862085818], "op": [15.0399998734, -3.3125306129, -1.9982274267000002, 9.9428799011, -5.8498588481, -8.9850566466, -5.6743584743, -4.2921671348, -11.7181753199, -6.8394779768], "rt": [0.1453508054, 0.17708097, 0.442959865, 0.24893690400000001, 0.1980404854, 0.2284702579, 0.1160191297, 0.1748698474, 0.34708429080000003, 0.1983415755], "synthMethod": "matchedMode"}