{"cf": [1230.6061512202, 497.1732333367, 1060.6468868119, 3122.335939009, 4583.2664047571, 5227.9133872599, 4398.4807798281, 7333.7109616788, 7657.9961238857, 4075.009111458], "op": [-62.9553226519, -71.47568148650001, -67.7580805568, -73.5057560734, -94.2546681792, -83.3606084913, -90.4188960033, -93.87530494890001, -92.2949484245, -94.1544199482], "rt": [0.0628937838, 0.0894917442, 0.0491926882, 0.1043080299, 0.1560223175, 0.0261971299, 0.0537771353, 0.0897105772, 0.0565652642, 0.08683305370000001], "synthMethod": "matchedMode"}