{"cf": [1567.7183636447, 442.8491935909, 7410.6528905977, 5315.1747747966, 4672.8117892235, 6546.2594468811, 8620.3523413752, 9852.1109286123, 8960.1198097732, 10718.2060570433], "op": [-50.0909628914, -49.7767566806, -68.7436910882, -83.4896553115, -68.8165421756, -69.0004575271, -63.564117183, -77.8383446713, -76.9846952901, -63.5613873027], "rt": [0.1018686068, 0.11703066270000001, 0.23885089140000001, 0.2885985834, 0.2434645169, 0.17405782120000002, 0.1325284082, 0.14113399170000002, 0.19954592510000002, 0.17126688], "synthMethod": "matchedMode"}