{"cf": [724.5425720519, 899.4804986276, 1269.7639980898, 3056.2160822723, 3263.2645504251, 2626.2985805739, 2458.7381837802, 3561.6148595609, 4757.5642428644, 3730.3292668178], "op": [-65.71989898835, -64.83906157975, -67.57204035065, -80.15751872895, -79.23953124204999, -74.58238462175, -79.62758346305, -80.80149753535, -82.56240235895, -76.92138957865001], "rt": [0.0528385621, 0.034329631, 0.0356275722, 0.0897549078, 0.0905387183, 0.039554505600000005, 0.0442157974, 0.11032167470000001, 0.0500734487, 0.0962234777], "synthMethod": "matchedMode"}