{"cf": [1567.7183636447, 442.8491935909, 7410.6528905977, 5315.1747747966, 4672.8117892235, 6546.2594468811, 8620.3523413752, 9852.1109286123, 8960.1198097732, 10718.2060570433], "op": [-70.0909628914, -69.7767566806, -88.7436910882, -103.4896553115, -88.8165421756, -89.0004575271, -83.56411718300001, -97.8383446713, -96.9846952901, -83.5613873027], "rt": [0.1018686068, 0.11703066270000001, 0.23885089140000001, 0.2885985834, 0.2434645169, 0.17405782120000002, 0.1325284082, 0.14113399170000002, 0.19954592510000002, 0.17126688], "synthMethod": "matchedMode"}