{"cf": [724.542466166, 899.2096384524, 1269.9256503133, 3056.1138225518, 3261.6781556099, 2626.5084640279, 2459.0534973944, 3563.4540005064, 4756.7756233289, 3753.4975356941], "op": [-65.2780149151, -64.3567829576, -67.13761398439999, -79.6992496737, -79.11632484270001, -75.3868880294, -79.07748249630001, -81.5952934265, -81.294917364, -81.2825080004], "rt": [0.0528367947, 0.034610081800000005, 0.0356038502, 0.0897256208, 0.0890425207, 0.0405572904, 0.0441458618, 0.1087777471, 0.0488783868, 0.1399195899], "synthMethod": "matchedMode"}