{"cf": [3135.8758009492, 180.3460005656, 5173.1813350325, 1997.313036558, 3814.8242085913, 2314.0947587539, 6522.4740692992, 3633.4278914835, 5598.7826075118, 9655.0049708482], "op": [-64.88858304690001, -85.2589123477, -90.3370169782, -80.4181624289, -81.84086566190001, -91.5497212905, -92.93392089299999, -86.3515922053, -93.0807004276, -100.5594189554], "rt": [0.11177258150000001, 0.2084980219, 0.3092072376, 0.2313028205, 0.1190387908, 0.3053017136, 0.3195033471, 0.1723953719, 0.19112390040000002, 0.3310008023], "synthMethod": "matchedMode"}