{"cf": [1174.5701959126, 431.0519193084, 4542.7296759634, 1524.0619118214, 6119.2691617883, 6895.1275250525, 10206.3287050773, 8966.7935698507, 7902.186569023, 8084.2007503672], "op": [-38.3929939466, -45.1390338482, -50.259411263800004, -35.6190845015, -71.4278809609, -64.7436670992, -71.0336450618, -71.3423217646, -65.64864206280001, -68.86247004430001], "rt": [0.1609093796, 0.1822621264, 0.3304774882, 0.1373680491, 0.49726565990000005, 0.5024635612, 0.2614454291, 0.3211482141, 0.1163610759, 0.11754677170000001], "synthMethod": "matchedMode"}