{"cf": [474.2141134796, 2996.6862916639, 1846.1025841231, 2458.4288835419, 2134.9258264917, 5082.1664228568, 7694.0140374443, 4010.3594305881, 6663.1715970475, 6999.7047120203], "op": [16.5321730688, 10.0593660995, 3.3342646251, -1.6989061588, -1.4205441907, 3.422141417, -4.1010685593, -6.096571586, -6.7499151852, -7.1886371935], "rt": [0.15652748290000001, 0.2667032943, 0.10271545280000001, 0.3179445866, 0.1520593867, 0.1074143833, 0.1943953742, 0.3820011043, 0.1661576391, 0.11335930550000001], "synthMethod": "matchedMode"}