{"cf": [1957.7811947056, 1713.6231470037, 2830.7156016807, 2507.5281538413, 4738.9566176914, 4170.5947520561, 3524.0412777475, 7870.0529582293, 7658.9272573097, 6925.9392215209], "op": [12.6462219005, 18.0459334456, 17.3110063481, 8.4567691033, 10.4580024584, 6.8486607579, 4.813495631, 6.6114579179, 5.3726170027, 2.0047152786], "rt": [0.4176133683, 0.21506218330000001, 0.18101699340000002, 0.5037760886, 0.12921069770000002, 0.34948302600000003, 0.4956086629, 0.1516900346, 0.13381608450000002, 0.4353816246], "synthMethod": "matchedMode"}