{"cf": [444.3738943075, 3465.1490245732, 2123.31239753, 4737.5488428932, 7060.2070591134, 6890.1911731861, 5605.859493467, 6358.1744840187, 6715.2884621373, 6023.7571669245], "op": [-38.0966275831, -59.5158624858, -57.7494897343, -57.1623395401, -63.6741800761, -60.9631317794, -59.682934818, -67.2802217804, -64.6920836338, -66.6618922662], "rt": [0.17689781000000002, 0.5309265938000001, 0.1749254016, 0.3125696424, 0.2931635905, 0.1308159495, 0.2196980329, 0.4785095728, 0.1327700033, 0.1942470265], "synthMethod": "matchedMode"}