{"cf": [1151.684567639, 2677.1236148951, 2521.3243030181, 3036.9781781665, 5643.5750522863, 4917.8820678436, 4198.9737732192, 6627.8487209402, 9084.8111606239, 10343.3765009272], "op": [25.7107050746, 6.0390307148, 5.4940820332, 8.6274981652, 8.0187344622, 12.3629722967, 7.2029035531, 0.43795556560000004, 2.2705674311, -6.1751146262], "rt": [0.1851335361, 0.2560291549, 0.2728657517, 0.13082778250000002, 0.13681788920000001, 0.1032541262, 0.14978060710000002, 0.171077314, 0.13281931, 0.2228434126], "synthMethod": "matchedMode"}