{"cf": [566.1050291877, 1086.1667302901, 3645.8103920058, 1590.5618028259, 3294.1736188086, 5178.5888905112, 4629.9784527742, 7842.3923872367, 4338.3042311711, 6092.8680545506], "op": [-42.5199760718, -40.5664130178, -29.158597692900003, -44.661831363800005, -42.9925641787, -58.0624182631, -60.6019662725, -64.8420865038, -50.2210133718, -64.5621767046], "rt": [0.2435565946, 0.1044748239, 0.1037615421, 0.1322960501, 0.1172025049, 0.1860102642, 0.25801393770000003, 0.2183721915, 0.1778397445, 0.142477407], "synthMethod": "matchedMode"}