{"cf": [358.0632290955, 692.2474599491, 1218.6415391991, 1548.827884819, 2870.6174864698, 3048.3481015007, 3457.4163377944, 3273.7987033929, 4502.6027196763, 4659.742401213], "op": [-21.6914340118, -40.5814828065, -45.8907333594, -51.614834071800004, -45.9997845524, -53.045643724, -49.2785769354, -55.0915684328, -54.5667969487, -55.513179899], "rt": [0.0689139362, 0.1022848225, 0.08098925, 0.0757107737, 0.0742864427, 0.089895388, 0.0707971498, 0.0750942839, 0.0681706721, 0.1282076866], "synthMethod": "matchedMode"}