{"cf": [358.0632290955, 692.2474599491, 1218.6415391991, 1548.827884819, 2870.6174864698, 3048.3481015007, 3457.4163377944, 3273.7987033929, 4502.6027196763, 4659.742401213], "op": [-22.13222602805, -41.02227697785, -46.331528022949996, -52.05562755625, -46.440579061449995, -53.486438233049995, -49.71937144445, -55.532362941849996, -55.00759145765, -55.95397440795], "rt": [0.0689139304, 0.1022848212, 0.0809892531, 0.0757107695, 0.0742864427, 0.089895388, 0.0707971498, 0.0750942839, 0.0681706721, 0.1282076866], "synthMethod": "matchedMode"}