{"cf": [637.1267327995, 814.3140037072, 3546.5068528376, 4441.6802653704, 1807.6955726214, 4784.436345404, 5305.4083986191, 6665.1518068764, 2661.2423933009, 8334.2104089761], "op": [-67.1850736106, -60.7926162291, -62.202341355499996, -68.8378658685, -73.3426565255, -64.4514385903, -75.7680173195, -70.3088410503, -73.2508657521, -72.48547586379999], "rt": [0.11760652710000001, 0.0271363462, 0.0510575875, 0.0813913123, 0.0816626034, 0.16040309360000002, 0.0613914596, 0.0549030823, 0.0467393933, 0.06655183170000001], "synthMethod": "matchedMode"}