{"cf": [444.3738943075, 3465.1490245732, 2357.6237417727, 2071.5754329106, 4535.1965661105, 7036.5463977287, 6890.3623386631, 5602.5644798252, 6337.68118415, 6881.1588940806], "op": [28.9900759258, 7.5708410231, -1.3315774209, 4.1302004161, 10.0900616351, 4.1789256521, 6.7940808343, 8.0517963047, -1.1906380741, 2.7655454778], "rt": [0.17689781000000002, 0.5309265938000001, 3.2304461614, 0.2406098217, 0.3113313767, 0.283694422, 0.1285900699, 0.2242051675, 0.7300150717, 0.8396631427], "synthMethod": "matchedMode"}