{"cf": [4739.5177830306, 4060.32683565, 2008.7455016973, 3074.1458539882, 1653.9725131341, 3527.9675616677, 2512.7926122601, 3699.4534973286, 7801.3138139886, 6874.2150552399], "op": [-73.6681331643, -72.2871581923, -77.33394267860001, -62.4665966413, -75.8916673993, -78.8844439672, -79.5147033257, -79.23683986040001, -85.8560122942, -82.9541920899], "rt": [0.3278354097, 0.5983540985, 0.2502364868, 0.1610977962, 0.1385437044, 0.2704809691, 0.32029469520000003, 0.2320877543, 0.5326908007, 0.3822094567], "synthMethod": "matchedMode"}