{"cf": [1948.4633745604, 3280.8612356461, 4050.8944496533, 2347.7905005203, 3469.6260664214, 1174.769479533, 6905.9435142738, 2494.3208224248, 5191.3052301832, 4749.346941307], "op": [-39.06359266765, -36.874871441850004, -34.74001742045, -44.81175642865, -29.13396886005, -40.410647943650005, -49.17335978935, -42.408285083150005, -50.987398517849996, -44.34277852585], "rt": [0.0186031584, 0.021149616200000002, 0.020685100600000002, 0.028585492100000002, 0.0199029713, 0.0265245746, 0.0243840173, 0.023623061600000002, 0.022288359900000002, 0.020101722000000002], "synthMethod": "matchedMode"}