{"cf": [525.7847331426, 707.7405663729, 1488.2476860804, 1211.8048289099, 3016.8486891222, 2937.5609626735, 2290.7843889188, 4550.5245674907, 4488.8857685723, 5162.350752825], "op": [-59.5988580557, -61.819598345100005, -64.385410654, -59.2267065749, -69.2294257872, -64.2520647993, -73.3928967811, -85.9789953018, -78.7679743155, -87.2890959452], "rt": [0.1358372347, 0.060390116, 0.0215278333, 0.03953439, 0.0606978269, 0.0316233912, 0.0529270027, 0.1584676722, 0.1363319016, 0.17306928100000002], "synthMethod": "matchedMode"}