{"cf": [717.1289019302, 3489.9044077178, 4661.4579415492, 5167.3954107759, 7749.2894424652, 2134.4405139609, 5951.0517457848, 1708.6773984615, 6508.1705299412, 6437.9068388133], "op": [-73.5865729435, -58.7436243913, -80.71773520869999, -80.1070521465, -85.4852817294, -93.2393066651, -86.9503319492, -94.1740425653, -97.8694636511, -101.2214856112], "rt": [0.2633637989, 0.0949618035, 0.1307631277, 0.0741706673, 0.0736236493, 0.6065920243, 0.08354109850000001, 0.3953981816, 0.7469493613, 0.5053474686], "synthMethod": "matchedMode"}