{"cf": [4667.0988378803, 2915.89729567, 5018.394813764, 1748.657803634, 3741.5072958231, 1477.4542490752, 3286.5565459293, 487.7925403361, 3511.4124825026, 1261.5325029257], "op": [-18.27308487155, -31.91497975165, -45.91771834205, -32.35175513205, -31.56815963915, -45.20852567645, -37.836881873349995, -42.045167671049995, -38.09094454395, -43.52801623835], "rt": [0.0412265511, 0.0632357778, 0.0719893774, 0.0560167671, 0.060329342, 0.0710776711, 0.0465515702, 0.0566447167, 0.1350091193, 0.0687507199], "synthMethod": "matchedMode"}