{"cf": [3017.4538595358, 948.6181235627, 6813.11601537, 1602.8909157873, 4577.7390871386, 5094.0291118797, 9671.5168734824, 10685.2827291176, 12750.6519594742, 12875.3344244044], "op": [-71.9907132103, -76.0400646985, -80.31810112880001, -86.3005240307, -81.1877793662, -87.02403603249999, -89.13558583369999, -94.098385434, -96.9372211852, -93.6450148371], "rt": [0.37145894360000004, 0.9616939413000001, 0.1856853437, 0.6360466082, 0.16319663480000002, 0.28368782200000003, 0.5652521033, 0.7014357483, 0.1908975369, 0.1230843501], "synthMethod": "matchedMode"}