{"cf": [430.6582895267, 934.7346262474, 1415.6488689728, 2273.5591137978, 1737.949585719, 4371.8308432692, 3033.0424745733, 3214.3359558139, 5217.7413610854, 3867.9682382215], "op": [-59.2223330572, -57.8006356178, -58.5477235181, -70.1495530937, -61.971774023799995, -68.1852530824, -61.9593769753, -58.0348909428, -75.6538688067, -76.10598775599999], "rt": [0.2348992917, 0.061020648600000005, 0.0677902777, 0.0686704439, 0.06025481, 0.1225058469, 0.0620138802, 0.02885467, 0.0775198893, 0.1164075313], "synthMethod": "matchedMode"}