{"cf": [1702.7089516339, 1263.1077186488, 511.302512337, 3174.8099592543, 860.9005969954, 2402.1526577661, 79.5390390018, 4711.4976039855, 2577.4584633018, 7967.8937891676], "op": [28.3542136452, 13.510591198, 17.9805791666, 22.3713338881, 17.6996146656, 13.8216682315, 8.6831117492, 12.8639229561, 14.388757740500001, 12.0241577107], "rt": [0.1014571501, 0.1869051942, 0.4041859727, 0.2249767724, 0.3379036069, 0.1239230114, 0.8631066770000001, 0.11569287600000001, 0.10581990640000001, 0.21095656440000002], "synthMethod": "matchedMode"}