{"cf": [1739.9905861119, 842.2989158762, 2217.6955192041, 3660.5026348581, 4440.607744271, 7653.6994482709, 7559.3120112375, 11563.3043164489, 11898.9479942644, 12061.1553945484], "op": [-55.466887134000004, -69.6911908729, -52.9088678067, -73.9955077077, -78.3959983376, -74.8275459603, -84.9602557669, -85.79503063300001, -88.4224515873, -90.7832793054], "rt": [0.11219563880000001, 0.16127601290000002, 0.1213662747, 0.12283560660000001, 0.11637318840000001, 0.1368467874, 0.245615359, 0.2272443764, 0.1974445175, 0.2456469302], "synthMethod": "matchedMode"}