{"cf": [1870.5040922529, 1602.6636817585, 2465.1162614038, 2829.3082427735, 930.2090993932, 719.1199230855, 2951.3405785405, 4176.7708427412, 3535.5918019809, 3795.0543108785], "op": [-70.5526157223, -64.2500131562, -79.8495160735, -78.06830478399999, -78.56879167950001, -75.5395106336, -85.39612023480001, -86.5511710577, -86.8369769958, -97.4512586722], "rt": [0.2167317068, 0.059733119700000004, 0.6844789084, 0.47482337160000004, 0.7115063831, 0.0652163444, 0.40856493580000003, 0.5997665769, 0.3571458689, 1.0582488012], "synthMethod": "matchedMode"}