{"cf": [5259.7361505544, 725.5026468718, 2427.4180967373, 1250.2348723523, 1994.3287132748, 4368.162733022, 5955.9345017072, 4370.4847884508, 4043.8763823647, 7213.6280302876], "op": [18.2589819011, 23.3381913043, 27.0734834207, 12.1099499453, 12.929594714, 7.5718419644, 15.7480856631, 5.8435462246, 5.1750547852, 4.1699269828], "rt": [0.4068737249, 0.12753305980000001, 0.1494234714, 0.1788563816, 0.1272287729, 0.18878537950000002, 0.36496764260000003, 0.10996620080000001, 0.23295883550000002, 0.18155786940000002], "synthMethod": "matchedMode"}