{"cf": [417.1623054388, 1217.302394881, 755.8586002797, 1730.1523350038, 4130.9883220348, 3582.0141805771, 3484.5547783297, 6335.5230403436, 4412.4201628643, 5326.4781728081], "op": [-34.76043533785, -39.74540899765, -31.79380149055, -41.30418462545, -51.51729874305, -37.19131988985, -52.80855601375, -43.99634864465, -55.48550321425, -48.19166593635], "rt": [0.0595048358, 0.048089713900000004, 0.0359972162, 0.050584546, 0.0704655667, 0.0407456604, 0.0576871075, 0.050077518800000005, 0.0661786025, 0.0579496326], "synthMethod": "matchedMode"}