{"cf": [2076.9948353885, 1901.9351205034, 1532.4909973151, 5274.3216510175, 1151.4572611481, 3365.7445829709, 3425.5474457506, 680.7482209166, 4277.9265627353, 4946.5679112885], "op": [-63.9027149046, -77.4674195061, -69.1952375936, -58.9282128623, -73.2892976941, -75.8240119585, -69.85950726749999, -72.7862510993, -62.1380638208, -68.2588831528], "rt": [0.09813596940000001, 0.24896922670000002, 0.0803012265, 0.060985222900000004, 0.0308013029, 0.2024845488, 0.06344155850000001, 0.12031117320000001, 0.058802633900000005, 0.0943635099], "synthMethod": "matchedMode"}