{"cf": [833.7814886811, 1226.5491748121, 830.934939469, 334.1776313051, 3632.5606786234, 5205.9121720906, 1732.9403215387, 5554.3630372612, 5015.4689791096, 7747.4689254534], "op": [-63.1029834574, -66.4667287698, -61.9443063368, -75.6571811677, -58.4853300264, -62.6358629172, -78.0844246151, -65.4220013192, -64.5188056489, -87.8918664823], "rt": [0.0783050513, 0.0326985437, 0.0689412181, 0.0925516063, 0.12794299850000002, 0.0662312602, 0.17729357680000002, 0.0655736759, 0.19201369570000001, 0.1267032402], "synthMethod": "matchedMode"}