{"cf": [396.9909209449, 1112.8976552646, 885.3630804768, 1487.8497620145, 1668.0369942469, 2994.0771190071, 2239.7915532211, 2573.5373490376, 3302.3706930722, 3791.1626766893], "op": [-17.47996892335, -29.27382913965, -26.34967548255, -29.632594600050002, -50.219246352249996, -27.72954864665, -43.262610911349995, -55.30286652595, -58.86696245135, -56.91309428215], "rt": [0.11853329500000001, 0.10445864390000001, 0.11645100970000001, 0.0859672715, 0.147601006, 0.0545225157, 0.07594314490000001, 0.0853970175, 0.0932529701, 0.08864727950000001], "synthMethod": "matchedMode"}