{"cf": [2521.3243030181, 3036.9781781665, 5643.5750522863, 4917.8820678436, 4198.9737732192, 6627.8487209402, 9084.8111606239, 10343.3765009272, 1815.6778715132, 1451.4208446625], "op": [5.4940820332, 8.6274981652, 8.0187344622, 12.3629722967, 7.2029035531, 0.43795556560000004, 2.2705674311, -6.1751146262, 22.707963229, 8.7643615535], "rt": [0.2728657517, 0.13082778250000002, 0.13681788920000001, 0.1032541262, 0.14978060710000002, 0.171077314, 0.13281931, 0.2228434126, 0.1220677718, 0.2835566377], "synthMethod": "matchedMode"}