{"cf": [322.7105186731, 1992.716619501, 1044.8296873485, 810.0997175833, 562.38191933, 3206.0656705417, 3708.65993988, 5253.631942604, 5756.6920632082, 4938.3800324814], "op": [-67.54238628339999, -45.8531394889, -67.5925151996, -65.4924500287, -72.0711008534, -60.3188330622, -74.2058603751, -73.20297055169999, -88.647056525, -67.9484693391], "rt": [0.171686355, 0.083821766, 0.1160667901, 0.0725138993, 0.11413724010000001, 0.049173999999999995, 0.0668384452, 0.043969524600000004, 0.1825679747, 0.030313201300000002], "synthMethod": "matchedMode"}