{"cf": [796.3889761047, 1314.6293220073, 1833.6778925865, 1981.0164653465, 4601.3166314081, 2251.2403798524, 5397.6654065629, 3383.8462640306, 4115.9590826241, 4428.6831586268], "op": [-40.04864059955, -37.51290041995, -55.88140485185, -62.30399635765, -53.86411603045, -59.38897352615, -55.92174949755, -64.00828661045, -66.65846756105, -65.18876288565], "rt": [0.0379428117, 0.0239704367, 0.021994904200000002, 0.031043923600000002, 0.043483150400000004, 0.0350823479, 0.019944894, 0.04525099, 0.0454383033, 0.04375794], "synthMethod": "matchedMode"}