{"synthMethod":"hierarchicalSample","mu01":[3309.3389071775573,-53.433504827229967,0.072337116585922859],"Sgm01":[[2.8328873757887548E+6,-3645.0231934984758,-44.910994171702647],[-3645.0231934984758,76.5154556540686,0.030782135008401622],[-44.910994171702647,0.030782135008401622,0.00096956464961349528]],"mu02":[2598.9017462433403,-53.775346055504464,0.0785411885739625],"Sgm02":[[3.408249618187808E+6,-4028.5625531096439,-41.240110911867689],[-4028.5625531096439,79.864003187948782,0.00536261489901425],[-41.240110911867689,0.00536261489901425,0.00088895933169710016]],"mu03":[2610.5835604886997,-56.116408643938385,0.076826054913589389],"Sgm03":[[3.3470059959335392E+6,-719.05780233585642,-39.148709862336105],[-719.05780233585642,84.370823839538687,-0.021291767398321011],[-39.148709862336105,-0.021291767398321011,0.00077170325988074225]],"mu04":[2938.2595560848963,-57.3867610381474,0.074531221234293635],"Sgm04":[[3.446688902203558E+6,-1209.1714341132081,-34.570443549338023],[-1209.1714341132081,87.782759263219987,-0.076535583885956646],[-34.570443549338023,-0.076535583885956646,0.00099893547008005263]],"mu05":[3071.1831673065271,-58.020489571466655,0.071410129435513947],"Sgm05":[[3.6868967620234019E+6,-1381.5685816271864,-32.533209664282829],[-1381.5685816271864,92.532346959005665,-0.065512378586341707],[-32.533209664282829,-0.065512378586341707,0.000890030773178538]],"mu06":[3159.4527154483585,-59.484571880158363,0.071373854431549491],"Sgm06":[[3.7880833133098311E+6,-1327.8106649149754,-30.668342608186606],[-1327.8106649149754,121.33340724221942,-0.10036534832297135],[-30.668342608186606,-0.10036534832297135,0.00084677457049460642]],"mu07":[3236.5565107906427,-60.234970267522328,0.070791406878215724],"Sgm07":[[4.0673620203037383E+6,-907.43705928615213,-33.260306440608034],[-907.43705928615213,128.38597795621533,-0.12221540026107947],[-33.260306440608034,-0.12221540026107947,0.00094125531355041155]],"mu08":[3331.2433543714137,-60.760080572948638,0.069358631934944751],"Sgm08":[[4.191392296464893E+6,21.522246702831982,-32.194962832488919],[21.522246702831982,126.68492641918542,-0.11496889076755322],[-32.194962832488919,-0.11496889076755322,0.00087455968959889764]],"mu09":[3379.6781626157695,-61.598172171723718,0.069537747613567485],"Sgm09":[[4.357326867750206E+6,-788.57373880832915,-30.734931704117702],[-788.57373880832915,132.23983171049827,-0.12656894382512543],[-30.734931704117702,-0.12656894382512543,0.00088079475681872906]],"mu10":[3443.3129271098396,-61.891989650090906,0.068838661261529266],"Sgm10":[[4.4912558185811313E+6,-889.98728622271858,-28.901641123607934],[-889.98728622271858,131.23136924812539,-0.13439002405054698],[-28.901641123607934,-0.13439002405054698,0.00089181200008888644]],"mu11":[3549.53659531298,-62.052249587880226,0.0673671493661653],"Sgm11":[[4.440253197769816E+6,-781.24457091307011,-28.853738067567217],[-781.24457091307011,128.84543128933669,-0.12823660265042097],[-28.853738067567217,-0.12823660265042097,0.00085254589835776038]],"mu12":[3610.9744193506176,-62.457552549018025,0.067248674840942338],"Sgm12":[[4.4412347690044083E+6,-935.126601165524,-28.140765509291246],[-935.126601165524,131.94080309218802,-0.14408343382623115],[-28.140765509291246,-0.14408343382623115,0.00088613226051871107]],"mu13":[3698.1723379546443,-62.894949112980754,0.066772844901807155],"Sgm13":[[4.458680886813621E+6,-1413.1191236349159,-28.565219690655169],[-1413.1191236349159,135.55900550081316,-0.146386757742834],[-28.565219690655169,-0.146386757742834,0.00088173727225222711]],"mu14":[3846.4757598124916,-63.008710575602009,0.065438142608883657],"Sgm14":[[4.535637382136602E+6,-1505.7546782900488,-29.291601041711189],[-1505.7546782900488,135.82183784312011,-0.14255065648033469],[-29.291601041711189,-0.14255065648033469,0.00085661257393429015]],"mu15":[3946.3728254874245,-63.3879935139314,0.065731509814570308],"Sgm15":[[4.8036032568099713E+6,-1321.7397267810097,-30.763827903169386],[-1321.7397267810097,144.71959331942082,-0.17241662048733594],[-30.763827903169386,-0.17241662048733594,0.00093545322719592434]]}