{"CF":[0,256.767405442277,321.04926147491341,393.84027566354445,476.26682762743638,569.60439881513582,675.29730950531189,794.98106844625352,930.50768097585581,1083.9743072439412,1257.755713998748,1454.5410221016621,1677.3753184069976,1929.7067759156334,2215.4400113471638,2538.9965057940649,2905.3830234165571,3320.2690868998816,3790.0747085413454,4322.0697345318895,4924.4863397011341,5606.6464134874013,6379.105808323231,7253.8176825586133,8244.3174655161238,9365.9323068562826,10636.018251305677,12074.228808826894,13702.819076127453,15546.990115531718,17635.278920188863,22050],"mOP":[-31.201499817889889,-18.949282224901715,-19.014992482791563,-24.827481005081619,-26.887532173292623,-19.9779834391089,-11.990638519649389,-14.008216167270444,-14.723055074182918,-21.399223994200504,-18.76647652732678,-15.737455098672775,-14.435317578960168,-14.031488495586533,-18.864133889005917,-17.245085468309643,-14.522008654203791,-9.4230509825522812,-9.5171993148775922,-4.8957883741746766,-8.1006506240960938,-3.5327894842999186,-4.8113134854826507,-8.2154930426167745,-10.3747849498568,-12.023478674735598,-14.611667060208914,-15.777850796935109,-20.874828615481711,-23.736483273991347,-25.76953329847958,-31.201499817889889],"sdOP":[4.0128285035054017,4.8599533394653456,6.2825614615752947,5.0320887046614384,4.8639901389692257,6.7892686405386806,6.1263336745376167,6.7182308094932441,3.3057519495135321,5.8559929625959057,4.4822777124013875,5.7728844219229725,5.6112134694848894,8.6335842305621426,9.5523785446742338,9.7310032643870557,7.7254832666522262,6.7001232648549358,9.0037436384085314,14.796893559541182,14.437721065022096,12.963412308498173,12.341689335349136,13.538937415541694,11.238779684697958,8.5892437028858133,8.70694455585951,10.936812532975884,9.8268666479778766,8.3150401350906282,6.2333175450254181,4.0128285035054017],"mRT":[0.032269504209619791,0.081540647104995714,0.08062608552073007,0.088573495261044785,0.10000000000000002,0.092089988920524363,0.086748850537351416,0.091366582443850472,0.0845364769191789,0.089714322510535086,0.082118204619262156,0.074622190216194831,0.077527214535289185,0.06662822075474191,0.0823649947009645,0.072266108853598743,0.064182604611865632,0.055531132202843544,0.055085030239035555,0.047458448725299439,0.05474635223412741,0.04306388605999166,0.043736265161319461,0.047670039314408989,0.0479328295658933,0.050983830198154,0.053101044681438017,0.053595663608633361,0.0623534588222315,0.066472270556418037,0.070160149374992875,0.032269504209619791],"sdRT":[0.00931800470881509,0.023290306869441339,0.025172168807567577,0.021325226627090729,1.436487510905098E-17,0.014592191145294439,0.012805426016223703,0.011268494090922961,0.014741551578789655,0.01532851902195259,0.019808714885171375,0.018982152745842994,0.021302774789468661,0.019594785666141465,0.017750561025930357,0.020163585207739816,0.022126759288661115,0.018396413882599005,0.015895882202887339,0.016540663646357416,0.019733481614758262,0.0080233252454279067,0.0094212458245760272,0.0072316199132538873,0.0050800538484184381,0.016340566262038742,0.019309455812950932,0.025742797887833423,0.020687996201750207,0.0199226869000837,0.020473080353508595,0.00931800470881509]}