{"cf": [932.4761635566, 1086.9283154682, 600.4816887357, 3660.0928057092, 1478.3068750121, 2931.7560163035, 2566.2847998104, 2221.5538091833, 2000.1655957667, 4731.1709240914], "op": [-70.3733872789, -77.0233654607, -70.6679283413, -61.3584429107, -82.1718094989, -77.355416177, -76.5962970144, -89.4003805043, -86.76989958979999, -76.4403323288], "rt": [0.0608753179, 0.12289086020000001, 0.0303116481, 0.058831379100000004, 0.128559707, 0.1572180775, 0.0420917991, 0.2468564061, 0.1259914628, 0.040320553700000004], "synthMethod": "matchedMode"}