{"cf": [849.4174939287, 3016.5810417744, 1560.5768483137, 4633.7204621864, 4393.911754849, 2412.7565108759, 4164.1839361938, 3537.9872617619, 4903.1583783204, 3813.7930681305], "op": [-28.125981269750003, -50.555313108549996, -52.88808808055, -58.16419362845, -64.50168257125, -64.04616714135, -64.58652366355, -67.47727625525, -65.58864497935, -65.88518687065], "rt": [0.0317111183, 0.048008167000000004, 0.038594641400000004, 0.053451307600000005, 0.058168258800000004, 0.0375030867, 0.0782965374, 0.0547923582, 0.048150156900000005, 0.0572974159], "synthMethod": "matchedMode"}