{"cf": [780.1414416989, 323.3327878291, 2792.7042738652, 1452.8586077651, 1907.0782896743, 2376.2612905124, 5248.3726351681, 4677.1182888757, 4172.8640209404, 4971.2681478611], "op": [-37.572019805850005, -40.08152683655, -63.12241907435, -63.695611671150004, -66.17409213535001, -68.85740155335, -78.22295706355, -73.33770690035, -72.21592086925, -76.13580575715], "rt": [0.040422364100000004, 0.0424733172, 0.0909823257, 0.0667277491, 0.0553693451, 0.0645067889, 0.1553387235, 0.0750205021, 0.0811842583, 0.11290812360000001], "synthMethod": "matchedMode"}