{"cf": [1520.0333213013, 609.6076346943, 1689.7901388032, 3524.2472332534, 3874.8114381665, 5293.3693518765, 7430.7109664897, 6625.957008252, 4165.5625988342, 6591.4363542959], "op": [21.7677353832, 12.3497907601, 16.7700220207, 6.3285395571, -15.5755735726, -4.7541290167, -2.8572525268, -4.7336480128, -2.9186543224, 1.5867551075000002], "rt": [0.446835272, 0.546930389, 0.3423523123, 0.10215660380000001, -0.6776223072, 0.2206245913, 0.1687663574, 0.2236216229, 0.3855257908, 0.2584399629], "synthMethod": "matchedMode"}