{"cf": [11144.4879825308, 12174.9720063398, 3088.4919650873, 6545.6239821984, 5073.4356022786, 8526.2517628533, 9652.8634157228, 11647.1730998051, 11987.073001571, 16650.1671196999], "op": [-76.8300366062, -77.5418190022, -53.9296795457, -68.28013111909999, -69.8790481714, -71.4084785516, -74.63529379650001, -71.0372620103, -71.3798751277, -85.2534937524], "rt": [0.1219857151, 0.16434280580000002, 0.1633942022, 0.1977895362, 0.4943369481, 0.1681090388, 0.2799519379, 0.22001320740000002, 0.10954527580000001, 0.2703236644], "synthMethod": "matchedMode"}