{"cf": [1674.7164867608, 322.8322339237, 3079.4669283904, 2132.3093811791, 3257.8224347622, 7637.9209530556, 4478.5993691768, 6594.7724933337, 5286.0587016691, 9655.4183109541], "op": [-60.306325532399995, -79.9461742586, -72.7297572239, -68.047433583, -77.9543523939, -88.72672489850001, -87.8095676835, -98.4884892917, -89.2831298202, -97.889038517], "rt": [0.053031304, 0.1315027963, 0.1284098329, 0.027086465900000002, 0.098525973, 0.27427579, 0.1602963231, 0.4588440227, 0.09394257710000001, 0.25540274960000003], "synthMethod": "matchedMode"}