{"cf": [5863.3233770304, 9200.8628122726, 8785.3594328623, 9637.8285707623, 10667.9277340627, 11794.1738995815, 12566.2490765111, 11169.614193946, 12229.2910599152, 13793.5449520902], "op": [14.216837335, 0.0783201322, -1.3122002115, -2.8595627259, -2.8658418809, -8.1000365346, -3.8604466871, -10.7280602715, -9.6132540016, -4.7066898272], "rt": [0.2941502958, 0.18413073970000002, 0.1978513014, 0.2609661562, 0.1552747128, 0.5679459598000001, 0.1383473322, 1.0291483555, 0.5233022309, 0.1288253551], "synthMethod": "matchedMode"}