{"cf": [596.0643808143, 1218.3660898629, 1725.5338359226, 4122.1267696416, 2417.9176509697, 2207.3305443527, 4224.5791912511, 5166.7001747945, 3426.4674208387, 3698.9598107593], "op": [-75.9826703944, -72.0074354935, -75.2555207079, -82.252771452, -87.4513358114, -87.7580210441, -84.5836047792, -90.91046175860001, -88.7046289434, -94.51694095330001], "rt": [0.7682455883, 0.1352346827, 0.1396494901, 0.1642789918, 0.5877446649, 0.21218026980000002, 0.1513524865, 0.3243819774, 0.20716535830000002, 0.679638468], "synthMethod": "matchedMode"}