{"cf": [1242.5505362752, 2854.9708399782, 2311.2039776569, 2311.5678048596, 1970.9181287514, 7782.6096874589, 7223.141846487, 7383.2676687339, 5278.6407814897, 6610.3464007859], "op": [-63.7316781926, -72.9640732288, -72.0627412046, -72.6558975954, -86.78858610040001, -92.5069027378, -94.5217604848, -91.4811019081, -95.07946879490001, -96.806367919], "rt": [0.1035132597, 0.10732536300000001, 0.20823391830000001, 0.2435453296, 0.1528737336, 0.2712265, 0.2238158438, 0.1485773954, 0.3091646266, 0.1852871604], "synthMethod": "matchedMode"}