{"cf": [596.0643808143, 1218.3660898629, 5249.7762948746, 3710.9502957737, 1713.9362636785, 4231.6022386497, 2382.294444202, 2270.1091403616, 7507.8024574659, 7691.0622226932], "op": [-80.7819472233, -76.8067123224, -62.864690635399995, -59.503263658, -77.543843496, -70.5315557176, -91.39084945100001, -96.4684254099, -87.26422430619999, -100.7325200235], "rt": [0.7682455883, 0.1352346827, 0.0487248897, 0.047680590700000004, 0.1178114152, 0.041780412100000004, 0.5709594956, 0.22645157200000002, 0.1173230905, 0.3492170976], "synthMethod": "matchedMode"}