{"cf": [7266.5314280662, 1881.5296692752, 4453.8449353171, 2581.5882003054, 1928.3985739072, 2788.9099157672, 6567.1121320692, 10710.3735957528, 2486.3285898999, 9485.9073429156], "op": [-78.0440593994, -80.15437323660001, -83.44744926519999, -91.9114424949, -88.8176573383, -86.07220200180001, -89.6662867987, -92.6128299072, -86.0489801488, -94.1655328125], "rt": [0.1530617488, 0.2359030697, 0.1303820674, 0.354418662, 0.1446577367, 0.6599242585, 0.2628540692, 0.3271807604, 0.1077146751, 0.2893464045], "synthMethod": "matchedMode"}