{"cf": [948.0577837778, 1884.1685953354, 2974.6155774959, 2480.2660243657, 4663.0103656057, 4333.5020402353, 5005.8861165999, 5819.7998844391, 6870.183046658, 8270.3629556712], "op": [-27.5514279091, -25.838374971, -63.156183727300004, -61.4363768319, -63.71744468, -49.1777495807, -72.0406556652, -71.793313229, -74.66804724869999, -66.4698021617], "rt": [0.0267846311, 0.0144908853, 0.07013809680000001, 0.0661188377, 0.0506450863, 0.018366211, 0.0471518472, 0.0469625543, 0.0709138222, 0.015896565], "synthMethod": "matchedMode"}