{"cf": [358.7577055046, 7742.7963184178, 1045.4431350417, 8925.9895056578, 13379.7332360505, 10458.9606729095, 12020.3648205904, 15613.8076767254, 11616.8683969923, 14307.697153088], "op": [-50.267646287299996, -59.3805340427, -59.2080435914, -64.8028315084, -74.120801226, -74.7687345387, -73.9311994241, -72.98204104039999, -76.9635568403, -79.076391745], "rt": [0.037378537, 0.0417242439, 0.0343353592, 0.028824241900000002, 0.0341642915, 0.0320632162, 0.030477579600000002, 0.0299229974, 0.0377485645, 0.0386553435], "synthMethod": "matchedMode"}