{"cf": [354.7948192118, 7745.2495122544, 1043.803990836, 8986.1272116057, 13395.9351490537, 10457.5877933179, 12025.514727617, 15613.5280548548, 11623.7853167878, 14625.13954506], "op": [-48.61563691555, -59.83510017685, -61.78378592515, -66.23970881825, -75.56187162455001, -75.01232095165, -74.30037877575, -73.44223605605, -80.12666930495, -79.65982971555], "rt": [0.036265545100000005, 0.041723941, 0.0352096329, 0.0293401969, 0.0361412156, 0.031444254500000005, 0.0314950389, 0.029926732100000002, 0.0386077788, 0.038344584], "synthMethod": "matchedMode"}