{"cf": [1696.0173985831, 1051.7509382383, 381.8895745373, 4559.2270984294, 3948.8762314667, 6708.7831771232, 10345.8945272068, 11614.9619164863, 10494.9968683487, 9778.1131072648], "op": [-34.56782394055, -36.01423888905, -47.585119077849996, -62.023014589149994, -48.42036738525, -61.45537054815, -55.16072782965, -58.55313729765, -69.79250468285, -74.64520670855], "rt": [0.0308488911, 0.029751969000000003, 0.0665161882, 0.053090268, 0.0199306716, 0.0132519262, 0.010098218, 0.014056206600000001, 0.0516321036, 0.040896893000000004], "synthMethod": "matchedMode"}