{"cf": [2767.5344288241, 4329.543573686, 7318.2340994705, 9527.750284953, 11694.6618497354, 1799.2964859538, 2422.026567361, 10747.9367420916, 8029.4444743719, 2014.4373808165], "op": [18.0354434602, 7.8613015574, 10.7387111687, 2.0941420492, 4.5985746839, 0.1319707313, 3.3660806657, 4.2317270705, -2.1348260307, -16.402469143], "rt": [0.23892470640000002, 0.1431688387, 0.141125739, 0.34930778970000004, 0.1457113507, 0.29712184610000003, 0.5245883114000001, 0.1389554031, 0.5212016177000001, 0.9110308133], "synthMethod": "matchedMode"}