{"cf": [7223.0893301768, 1879.6471278956, 4463.414090283, 6644.468967021, 10703.8747407785, 2579.0210936191, 1934.5235992853, 9429.8535228355, 2572.0901219805, 7921.0853791561], "op": [-48.045506827400004, -55.979785888500004, -56.9724146991, -62.7799761747, -67.1758899356, -67.4257000739, -67.4269469672, -66.6402157267, -69.3545013062, -71.8958693997], "rt": [0.1527542712, 0.2376962817, 0.1314487164, 0.1877433852, 0.3823496764, 0.33220648550000004, 0.24571566400000003, 0.33402995220000004, 0.1582237371, 0.4579363782], "synthMethod": "matchedMode"}