{"cf": [1923.7661249562, 8193.1795620037, 2938.7359070237, 4328.2443969134, 1045.9367959208, 2262.8858429637, 10708.2244843572, 10096.2051464586, 5109.3372806477, 11622.7033083759], "op": [25.6749826161, 35.6112114656, 19.857032397, 11.4464686593, 10.8482404599, 8.9950618382, 4.7432001686, 1.2016614989, -3.7743191385, 0.8040697308], "rt": [0.2303676613, 0.1610347085, 0.1586622491, 0.1254026626, 0.12046767350000001, 0.3971112889, 0.1585108651, 0.1730981294, 0.4246578399, 0.1302511468], "synthMethod": "matchedMode"}