{"cf": [84.8074921501, 951.5483743747, 2049.0926357667, 3019.7895539027, 4586.5127027898, 4274.8765340827, 8000.6281878312, 2529.6220286559, 6917.0395049375, 6519.6244948556], "op": [19.9191670698, 9.0387542006, 6.264451354, 10.4957699476, 0.5486794003000001, 13.4741467868, 4.3742597481, -3.9080895262, -1.2364208227, -1.1789608663], "rt": [0.2587758384, 0.15662115840000002, 0.3193645597, 0.16648568290000001, 0.43926713710000004, 0.1111454776, 0.1237730816, 0.4934071104, 0.4179583029, 0.2599776526], "synthMethod": "matchedMode"}