{"cf": [1359.4745251203, 2921.0478585495, 530.4319623192, 698.3584303028, 11042.7135131667, 7805.051200884, 13182.6903696638, 8739.8532177465, 7138.7854895656, 13392.3413070103], "op": [-67.6365187581, -73.3092702969, -91.6701883936, -90.5074523101, -96.2045905883, -98.1984635181, -92.6859911306, -95.72533371259999, -93.43024406629999, -90.6502678533], "rt": [0.1073689567, 0.0596483542, 0.1903430389, 0.14098897970000002, 0.6103846671000001, 0.5261089185, 0.1566617566, 0.21918555380000002, 0.11173164440000001, 0.06864770590000001], "synthMethod": "matchedMode"}