{"cf": [744.8013867913, 1598.7061009817, 502.9487208463, 6172.4088996609, 1819.0700399404, 4478.5310470856, 2078.5019947357, 1149.1318872348, 7412.1656586967, 5598.7816422613], "op": [-25.602227727549998, -40.69156522825, -53.86820896345, -45.61357304965, -51.97972462915, -46.36268951455, -59.38598091075, -57.75897699455, -60.94044005765, -52.72916403045], "rt": [0.11269382400000001, 0.1607059191, 0.1132339272, 0.06082808, 0.14790945730000002, 0.0936302292, 0.1712592648, 0.1203603075, 0.0980660542, 0.0701769888], "synthMethod": "matchedMode"}