{"cf": [1576.9191715051, 5230.4893582615, 10994.8684075017, 530.3977980447, 7826.7199402364, 13207.6241872601, 7535.907149088, 8758.2952062729, 11601.1401654919, 7134.5856452776], "op": [-42.9566763066, -60.8452130813, -69.9857907392, -71.2233197173, -67.88137054, -65.6013737662, -63.9931985534, -68.15240698310001, -69.8544772588, -74.4821971394], "rt": [0.1528402728, 0.1858338123, 0.5949549941, 0.2155428712, 0.1626336108, 0.1442901792, 0.1467819371, 0.2227422771, 0.12126010450000001, 0.2558858955], "synthMethod": "matchedMode"}