{"cf": [2338.5643293881, 2161.287641955, 4549.6175943775, 7530.8589174062, 1448.1549990374, 3333.9476109983, 3027.5006289676, 3457.78871906, 6377.9649251765, 4896.3536074981], "op": [31.0946083983, 35.7856223195, 18.5732366371, 34.2975644009, 14.3291516433, 11.9756430122, 20.1081997228, 16.2341269506, 10.6287025127, 10.3132134594], "rt": [0.4404512163, 0.1317757306, 0.26954793, 0.1079210221, 0.2337406445, 0.1910386523, 0.11199674230000001, 0.2536140468, 0.6937632472, 0.1228597538], "synthMethod": "matchedMode"}