{"cf": [3578.2213615757, 2464.7040892157, 1599.2955615375, 1937.4681075855, 4085.7651320671, 4455.0118824449, 5619.3814891074, 7648.1137579628, 8040.3971480988, 8745.8523140911], "op": [-57.5422951255, -61.0289533404, -75.08903791259999, -75.8829659372, -62.0877346784, -67.788135626, -78.7593203213, -77.2573376435, -90.7254797626, -76.7139950899], "rt": [0.08497304400000001, 0.0989095199, 0.1230216997, 0.146210568, 0.0223682869, 0.022780373700000002, 0.0471801653, 0.0859172376, 0.0765893973, 0.1039823896], "synthMethod": "matchedMode"}