{"cf": [2302.9519937986, 436.115794663, 3837.4018637432, 2602.0605096588, 861.1444121526, 3686.3319907406, 1127.7177987746, 4178.6065087238, 4778.3692233194, 4944.1125046787], "op": [-53.6486989532, -66.0650019995, -73.3012415728, -68.5784153499, -77.259510315, -78.073015258, -81.2172256941, -81.9848054962, -90.3020053012, -92.29123816859999], "rt": [0.1237897824, 0.1872352277, 0.1073572513, 0.1431625249, 0.1774087333, 0.37162165150000004, 0.1787595085, 0.1280064871, 0.5253071776, 0.2673362051], "synthMethod": "matchedMode"}