{"cf": [3028.0321405943, 706.3116796047, 1122.1297091391, 5442.9840902025, 6833.0844845932, 6283.0822657353, 12133.9720100213, 12987.3850409737, 13709.8114812892, 15110.9261086016], "op": [-40.0, -71.5196873546, -64.71166093330001, -77.31850171159999, -75.1480622472, -94.8405677918, -84.2781802656, -95.5448636468, -92.89611895050001, -101.966422445], "rt": [0.1369338834, 0.3254871317, 0.4189423914, 0.2820666672, 0.1528378417, 0.4586281844, 0.48142938, 0.2574212444, 0.3269917818, 3.4737687688], "synthMethod": "matchedMode"}