{"cf": [2436.7554974223, 2418.3644625654, 2665.1632922007, 5129.4191279639, 3474.018265033, 1962.2216024792, 3343.7139957558, 338.9063682241, 1203.4563784639, 4536.1326068832], "op": [-58.7035013251, -52.4623590485, -66.205931666, -58.9799273085, -63.4704934039, -57.9909587753, -65.9564730872, -67.3720279396, -70.0413317495, -67.502135273], "rt": [0.2731630648, 0.043495473800000004, 0.0846763351, 0.1584757392, 0.1072330522, 0.0382555622, 0.1083716489, 0.027926857500000003, 0.026530360700000002, 0.0625215719], "synthMethod": "matchedMode"}