{"cf": [2481.5415174161, 3678.2693633601, 4668.167693093, 4238.2239079704, 3863.0609581031, 4369.1562860616, 4038.8522035167, 4895.8012709254, 3196.0179018388, 1071.9956411493], "op": [22.4007864833, 20.045018364, 10.3834929615, 8.9322774233, 8.287933155, 7.0159454694, 11.0102666092, 3.3275104094, 10.3173938616, 9.3149522089], "rt": [0.36623045460000003, 0.1292441414, 0.2412901767, 0.2016128644, 0.3824503524, 0.34012490100000004, 0.1540586217, 0.31237775430000003, 0.1768286992, 0.13670861650000002], "synthMethod": "matchedMode"}