{"cf": [1201.7378749477, 432.8606795142, 6788.6695829863, 10874.5710059672, 11096.3902983972, 6457.2314834555, 13190.8569072283, 7654.6955814826, 6277.3073174058, 5626.3165632818], "op": [-43.47822682865, -64.47827402185, -62.66332096765, -66.30917723995, -65.07583381415, -61.71696347745, -61.91276083985, -63.56325782805, -64.88182011385, -70.14942963105], "rt": [0.1713940734, 0.0492131305, 0.0682999031, 0.0708193739, 0.0660624831, 0.059055098900000005, 0.061018875400000006, 0.057531378300000005, 0.0743044362, 0.0865595787], "synthMethod": "matchedMode"}