{"cf": [305.5267179041, 1761.8282351498, 2003.1581766969, 1122.4458886719, 3022.1467083859, 2233.2080870425, 2399.6768794281, 2588.2543863473, 3314.743350671, 3442.8201190505], "op": [-20.4589036068, -52.8289305443, -61.7155958577, -61.5373883403, -62.721347820700004, -64.8652581588, -64.3776682278, -64.3406063803, -67.4380499299, -66.8102265828], "rt": [0.11960060780000001, 0.22323962690000002, 0.1410517999, 0.1353317831, 0.16588284720000002, 0.2271692642, 0.1485563899, 0.0921806024, 0.1440720026, 0.06724473], "synthMethod": "matchedMode"}