{"cf": [1576.9191715051, 5230.4893582615, 10994.8684075017, 530.3977980447, 7826.7199402364, 13207.6241872601, 7535.907149088, 8758.2952062729, 11601.1401654919, 7134.5856452776], "op": [24.1300272023, 6.2414904276, -2.8990872303, -4.1366162083999996, -0.7946670311, 1.4853297427, 3.0935049555, -1.0657034742, -2.7677737499, -7.3954936305], "rt": [0.1528402728, 0.1858338123, 0.5949549941, 0.2155428712, 0.1626336108, 0.1442901792, 0.1467819371, 0.2227422771, 0.12126010450000001, 0.2558858955], "synthMethod": "matchedMode"}