{"cf": [1741.3170708137, 2831.6861800347, 2442.6282308083, 6488.8618474485, 11075.3776030446, 1396.0183261772, 7297.7616247378, 11194.4197478508, 6004.535895784, 8332.2915911539], "op": [23.8799747407, 16.8165465956, 28.0823735606, 23.2519695461, 4.0646864661, 10.5193390635, 9.7766003927, 1.2820746779, 2.1250990942, 5.5345090108], "rt": [0.3611623082, 0.1386408406, 0.1780004434, 0.10969557390000001, 0.3497171669, 0.6246434227000001, 0.1260830376, 0.4017873201, 0.7561427687000001, 0.3747905326], "synthMethod": "matchedMode"}