{"cf": [2285.5785821508, 1956.074727788, 328.009324373, 3427.4784203191, 3176.5343933152, 4743.8009162085, 1044.5936008352, 2944.3244217035, 4237.2745544361, 3873.3065782136], "op": [-25.29134389025, -45.545803333950005, -42.30368579435, -39.634928756549996, -49.07341274795, -39.597511392550004, -55.20020354625, -55.05947897625, -64.50329424805, -65.01903609275], "rt": [0.2018745942, 0.2847761112, 0.0478805153, 0.0939733926, 0.13534892880000002, 0.0686216945, 0.0509877938, 0.08303554810000001, 0.1082588949, 0.1033017147], "synthMethod": "matchedMode"}