{"cf": [1741.3170708137, 2831.6861800347, 2442.6282308083, 6488.8618474485, 11075.3776030446, 7297.973659644, 11194.4197478508, 6004.8185769664, 8333.2411122782, 7146.3045842773], "op": [-43.2067287682, -50.2701569133, -39.0043299483, -43.8347339628, -63.0220170428, -57.516876974300004, -65.804628831, -64.0845178534, -61.582248593900005, -59.7423248482], "rt": [0.3611623082, 0.1386408406, 0.1780004434, 0.10969557390000001, 0.3497171669, 0.1290545635, 0.4017873201, 0.5443504313, 0.3745981635, 0.12207677800000001], "synthMethod": "matchedMode"}