{"cf": [2093.5161094739, 892.819098263, 4509.2476445346, 304.5642319056, 5679.6542698421, 3622.8844972639, 3993.9761858067, 5521.6005095779, 7903.3382013956, 4083.0672371352], "op": [-32.959812684300005, -52.911881864600005, -48.9148616948, -56.5110986062, -51.748495087600006, -53.6485282771, -56.9111569883, -64.92972820540001, -60.351025371, -59.5960766674], "rt": [0.1255776979, 0.1523761853, 0.1507297366, 0.1799419233, 0.16705990880000002, 0.2767035014, 0.3579966208, 0.1874712616, 0.2970762952, 0.1623326135], "synthMethod": "matchedMode"}