{"cf": [1648.0926032292, 2586.2470482571, 3681.6555028376, 3529.077654011, 1185.0380870711, 3368.750850296, 839.0313901836, 3882.6023708145, 4050.4079665998, 5842.9681920225], "op": [-31.19074073435, -42.405165180850005, -44.168565397150005, -48.957698963249996, -39.42736029065, -45.09672559635, -52.844306504049996, -56.68480168965, -48.41358224655, -54.042382050949996], "rt": [0.0628821028, 0.16003624830000002, 0.0683064275, 0.173569564, 0.1494471466, 0.1292370294, 0.17421949450000002, 0.3160415849, 0.129069245, 0.23336962020000002], "synthMethod": "matchedMode"}