{"cf": [2338.5643293881, 2161.287641955, 4549.6175943775, 7530.8589174062, 1448.1549990374, 3333.9476109983, 3027.5006289676, 3457.78871906, 6377.9649251765, 4896.3536074981], "op": [-55.992095110600005, -51.3010811894, -68.5134668718, -52.789139108, -72.75755186559999, -75.11106049669999, -66.9785037861, -70.8525765583, -76.4580009962, -76.7734900495], "rt": [0.4404512163, 0.1317757306, 0.26954793, 0.1079210221, 0.2337406445, 0.1910386523, 0.11199674230000001, 0.2536140468, 0.6937632472, 0.1228597538], "synthMethod": "matchedMode"}