{"cf": [3028.0321405943, 706.3116796047, 1122.1297091391, 5442.9840902025, 6833.0844845932, 6283.0822657353, 12133.9720100213, 12987.3850409737, 13709.8114812892, 15110.9261086016], "op": [-20.0, -51.5196873546, -44.7116609333, -57.3185017116, -55.1480622472, -74.8405677918, -64.2781802656, -75.5448636468, -72.89611895050001, -81.966422445], "rt": [0.1369338834, 0.3254871317, 0.4189423914, 0.2820666672, 0.1528378417, 0.4586281844, 0.48142938, 0.2574212444, 0.3269917818, 3.4737687688], "synthMethod": "matchedMode"}