{"cf": [715.3946987479, 11035.2524423679, 1850.0788863325, 10102.3369148806, 5317.0259970363, 7448.2318163816, 12166.9273381435, 14620.0650628944, 9448.3851661622, 9641.1498353841], "op": [-78.4842286292, -71.806804212, -70.0172864946, -87.0502598994, -63.068979326299996, -63.0061472565, -72.9839851306, -66.6946818011, -72.5220022089, -83.18268189919999], "rt": [0.23299199550000002, 0.0749018632, 0.14511451350000001, 0.2134643977, 0.0755915176, 0.0315530891, 0.0658197777, 0.0713130392, 0.1044458944, 0.134885729], "synthMethod": "matchedMode"}