{
	"synthMethod": "firstTest",
    "Sgm": [
        [
            3709833.8986652945, 
            -598.579983029149, 
            -16.173834178420112
        ], 
        [
            -598.579983029149, 
            140.34183094037328, 
            -0.309426629787627
        ], 
        [
            -16.173834178420112, 
            -0.309426629787627, 
            0.00147805483863409
        ]
    ], 
    "mu": [
        3356.976276548766, 
        -58.49271070544994, 
        0.07520651629024684
    ]
}
