{"cf": [688.8335768692, 465.6079692051, 867.8397105393, 344.3346819105, 948.9021075765, 1583.1854590842, 2097.9620334495, 1810.9059179372, 2911.0310975708, 1400.9191510157], "op": [-62.0444227394, -65.028184367, -63.1721097942, -65.15872510930001, -69.7936437578, -67.3164174418, -67.3032653896, -75.2737711405, -70.2632689669, -68.40398022779999], "rt": [0.0967298832, 0.1268729255, 0.07973486960000001, 0.12181350120000001, 0.0882053577, 0.058127043600000004, 0.0576365764, 0.0569387868, 0.06445154980000001, 0.0687830567], "synthMethod": "matchedMode"}