{
  "apple": {
    "apple": [
      0.1007956,
      0.09466714,
      0.10079562
    ]
  },
  "banana": {
    "b03_banana_01_high": [
      0.17713508,
      0.03553543,
      0.08984272
    ],
    "b04_banana": [
      0.2057532,
      0.04424989,
      0.2034682
    ],
    "banana_fix2": [
      0.18043606,
      0.0489355,
      0.17045058
    ]
  },
  "book": {
    "cgaxis_models_65_06_vray": [
      0.2293768,
      0.03503445,
      0.2969726
    ],
    "cgaxis_models_65_14_vray": [
      0.14800004,
      0.01499959,
      0.2109996
    ]
  },
  "bottle": {
    "b04_bottle-2014-2018": [
      0.05838397,
      0.1783261,
      0.0583839
    ],
    "b04_bottle_2_max": [
      0.06013322,
      0.1382124,
      0.0280426
    ],
    "b04_whiskeybottle": [
      0.12024813,
      0.2846134,
      0.12024814
    ]
  },
  "bowl": {
    "b04_bowl_smooth": [
      0.2401654,
      0.0817289,
      0.2401654
    ],
    "int_kitchen_accessories_le_creuset_bowl_30cm": [
      0.3106522,
      0.12940931,
      0.3654386
    ],
    "serving_bowl": [
      0.5090605,
      0.1934218,
      0.3677688
    ]
  },
  "bread": {
    "b03_loafbread": [
      0.15148828,
      0.09381004,
      0.3470852
    ],
    "bread": [
      0.2035294,
      0.11276271,
      0.2124076
    ]
  },
  "candle": {
    "b03_iron_candle_vray": [
      0.13636743,
      0.2269422,
      0.06401549
    ],
    "b04_candle_holder_metal": [
      0.11419128,
      0.21723891,
      0.11399469
    ],
    "b05_candles_max_vray2": [
      0.17376658,
      0.21686881,
      0.17394172
    ],
    "b05_candlestick_with_candles002_max2017_vray": [
      0.2993382,
      0.10068353,
      0.09867458
    ],
    "b05_cgaxis_models_37_17_vray": [
      0.299,
      0.18240003,
      0.2598078
    ],
    "candle": [
      0.17376655,
      0.2172253,
      0.17394169
    ],
    "candles_max_vray": [
      0.2989778,
      0.20973912,
      0.09899954
    ],
    "candlestick1": [
      0.07849233,
      0.2522379,
      0.07848772
    ],
    "cgaxis_models_20_05_vray": [
      0.10906048,
      0.3183096,
      0.10906051
    ],
    "cgaxis_models_37_15_vray": [
      0.26076,
      0.14726461,
      0.26076
    ],
    "lantern_2010": [
      0.3576634,
      0.3676144,
      0.1812206
    ]
  },
  "candy": {
    "b05_snickers": [
      0.02850922,
      0.0171456,
      0.0619138
    ],
    "chocolate_bar001": [
      0.0203457,
      0.00780368,
      0.05087826
    ]
  },
  "chair": {
    "chair_annabelle": [
      0.5,
      0.7737253,
      0.5574073
    ],
    "chair_billiani_doll": [
      0.489437,
      0.7779118,
      0.5393717
    ],
    "chair_thonet_marshall": [
      0.3967712,
      0.8307803,
      0.482177
    ],
    "chair_willisau_riale": [
      0.4736602,
      0.80933563,
      0.5401487
    ],
    "emeco_navy_chair": [
      0.4200468,
      0.858965,
      0.5086646
    ],
    "wood_chair": [
      0.4298932,
      0.81151409,
      0.4778954
    ],
    "yellow_side_chair": [
      0.531329,
      0.7224569,
      0.6123289
    ]
  },
  "coaster": {
    "round_coaster_cherry": [
      0.1,
      0.0145,
      0.1
    ],
    "round_coaster_indent_rubber": [
      0.1,
      0.01429904,
      0.1
    ],
    "round_coaster_indent_stone": [
      0.1,
      0.01429904,
      0.1
    ],
    "round_coaster_indent_wood": [
      0.1,
      0.01429904,
      0.1
    ],
    "round_coaster_stone": [
      0.1,
      0.0145,
      0.1
    ],
    "round_coaster_stone_dark": [
      0.1,
      0.0145,
      0.1
    ],
    "square_coaster_001_cork": [
      0.1,
      0.0145,
      0.1
    ],
    "square_coaster_001_marble": [
      0.1,
      0.0145,
      0.1
    ],
    "square_coaster_001_wood": [
      0.1,
      0.0145,
      0.1
    ],
    "square_coaster_rubber": [
      0.1,
      0.0145,
      0.1
    ],
    "square_coaster_stone": [
      0.1,
      0.0145,
      0.1
    ],
    "square_coaster_wood": [
      0.1,
      0.0145,
      0.1
    ]
  },
  "coffee_grinder": {
    "b05_coffee_grinder": [
      0.2721527,
      0.2983497,
      0.19045453
    ],
    "cafe_2010": [
      0.2010554,
      0.26667593,
      0.13285805
    ],
    "cgaxis_models_61_17_vray": [
      0.11897779,
      0.2590645,
      0.11897781
    ],
    "coffee_grinder": [
      0.17285534,
      0.2945589,
      0.07320619
    ],
    "juicer": [
      0.2056412,
      0.28587507,
      0.2247637
    ],
    "kitchen_aid_coffee_grinder": [
      0.2979244,
      0.40342001,
      0.17610921
    ]
  },
  "coffee_maker": {
    "coffee_001": [
      0.3269474,
      0.3444609,
      0.16520099
    ],
    "coffee_0023": [
      0.27,
      0.3400978,
      0.3733862
    ],
    "coffee_005_13": [
      0.274376,
      0.321638,
      0.3230893
    ]
  },
  "coin": {
    "b06_circle": [
      0.03711608,
      0.00224639,
      0.03711608
    ],
    "ripple": [
      0.03996552,
      0.00236292,
      0.0399655
    ]
  },
  "cookie_sheet": {
    "baking_sheet01": [
      0.531834,
      0.01381167,
      0.3545558
    ],
    "baking_sheet02": [
      0.6016213,
      0.01520463,
      0.352986
    ],
    "baking_sheet03": [
      0.5974248,
      0.01403344,
      0.352982
    ],
    "baking_sheet04": [
      0.5289249,
      0.0138485,
      0.352986
    ],
    "baking_sheet05": [
      0.5383584,
      0.0138485,
      0.352986
    ],
    "baking_sheet06": [
      0.5208152,
      0.01075397,
      0.3536316
    ],
    "baking_sheet07": [
      0.552743,
      0.01820848,
      0.365226
    ],
    "baking_sheet09": [
      0.5289249,
      0.0138485,
      0.352986
    ]
  },
  "cork": {
    "basic_cork": [
      0.022,
      0.022,
      0.038
    ],
    "basic_cork_2": [
      0.022,
      0.022,
      0.038
    ],
    "bung": [
      0.05312914,
      0.05312914,
      0.046
    ],
    "champagne_cork": [
      0.02260578,
      0.02260578,
      0.03475997
    ],
    "cork_plastic": [
      0.02,
      0.02,
      0.042
    ],
    "cork_plastic_black": [
      0.02,
      0.02,
      0.042
    ],
    "tapered_cork": [
      0.02222862,
      0.02222862,
      0.03927385
    ],
    "tapered_cork_w_hole": [
      0.02222862,
      0.02222862,
      0.03927385
    ]
  },
  "dishwasher": {
    "b03_db_apps_tech_08_04_composite": [
      0.6075255,
      0.8113788,
      0.6072918
    ],
    "b03_db_apps_tech_08_07_composite": [
      0.5861948,
      0.80912516,
      0.6202008
    ],
    "b03_db_apps_tech_08_08_composite": [
      0.622282,
      0.85002966,
      0.6418053
    ],
    "b04_db_apps_tech_08_03": [
      0.6013624,
      0.84944736,
      0.5987592
    ],
    "b05_db_apps_tech_08_09": [
      0.6442321,
      0.88849706,
      0.6115834
    ],
    "b05_db_apps_tech_08_09_composite": [
      0.644232,
      0.88849706,
      0.611584
    ],
    "dishwasher_4": [
      0.5912286,
      0.80018996,
      0.6539202
    ],
    "vray_032": [
      0.5681047,
      1.00033406,
      0.5080086
    ]
  },
  "fork": {
    "pcylinder222": [
      0.02293924,
      0.0244975,
      0.16326859
    ],
    "vk0010_dinner_fork_subd0": [
      0.027574,
      0.01785122,
      0.19858604
    ],
    "vk0011_dessert_fork_subd0": [
      0.023255,
      0.01509776,
      0.16756824
    ],
    "vk0056_tablefork": [
      0.0275079,
      0.02012614,
      0.19731236
    ],
    "vk0067_fishfork": [
      0.02527534,
      0.02021141,
      0.18699258
    ]
  },
  "houseplant": {
    "cgaxis_models_50_12_vray": [
      0.2885847,
      0.3409363,
      0.2677668
    ],
    "cgaxis_models_50_24_vray": [
      0.10838994,
      0.16823461,
      0.10597214
    ]
  },
  "knife": {
    "vk0007_steak_knife": [
      0.02306389,
      0.00969853,
      0.215511
    ],
    "vk0014_dinner_knife_subd2": [
      0.02574831,
      0.0101727,
      0.2243214
    ],
    "vk0055_tableknife": [
      0.02437776,
      0.00491894,
      0.2249398
    ]
  },