{
  "bread": {
    "b03_loafbread": [
      0.15148828,
      0.09381004,
      0.3470852
    ],
    "bread": [
      0.2035294,
      0.11276271,
      0.2124076
    ]
  },
  "coffee_grinder": {
    "b05_coffee_grinder": [
      0.2721527,
      0.2983497,
      0.19045453
    ],
    "cafe_2010": [
      0.2010554,
      0.26667593,
      0.13285805
    ],
    "cgaxis_models_61_17_vray": [
      0.11897779,
      0.2590645,
      0.11897781
    ],
    "coffee_grinder": [
      0.17285534,
      0.2945589,
      0.07320619
    ],
    "juicer": [
      0.2056412,
      0.28587507,
      0.2247637
    ],
    "kitchen_aid_coffee_grinder": [
      0.2979244,
      0.40342001,
      0.17610921
    ]
  },
  "cookie_sheet": {
    "baking_sheet01": [
      0.531834,
      0.01381167,
      0.3545558
    ],
    "baking_sheet02": [
      0.6016213,
      0.01520463,
      0.352986
    ],
    "baking_sheet03": [
      0.5974248,
      0.01403344,
      0.352982
    ],
    "baking_sheet04": [
      0.5289249,
      0.0138485,
      0.352986
    ],
    "baking_sheet05": [
      0.5383584,
      0.0138485,
      0.352986
    ],
    "baking_sheet06": [
      0.5208152,
      0.01075397,
      0.3536316
    ],
    "baking_sheet07": [
      0.552743,
      0.01820848,
      0.365226
    ],
    "baking_sheet09": [
      0.5289249,
      0.0138485,
      0.352986
    ]
  },
  "dishwasher": {
    "b03_db_apps_tech_08_04_composite": [
      0.6075255,
      0.8113788,
      0.6072918
    ],
    "b03_db_apps_tech_08_07_composite": [
      0.5861948,
      0.80912516,
      0.6202008
    ],
    "b03_db_apps_tech_08_08_composite": [
      0.622282,
      0.85002966,
      0.6418053
    ],
    "b04_db_apps_tech_08_03": [
      0.6013624,
      0.84944736,
      0.5987592
    ],
    "b05_db_apps_tech_08_09": [
      0.6442321,
      0.88849706,
      0.6115834
    ],
    "b05_db_apps_tech_08_09_composite": [
      0.644232,
      0.88849706,
      0.611584
    ],
    "dishwasher_4": [
      0.5912286,
      0.80018996,
      0.6539202
    ],
    "vray_032": [
      0.5681047,
      1.00033406,
      0.5080086
    ]
  },
  "fork": {
    "pcylinder222": [
      0.02293924,
      0.0244975,
      0.16326859
    ],
    "vk0010_dinner_fork_subd0": [
      0.027574,
      0.01785122,
      0.19858604
    ],
    "vk0011_dessert_fork_subd0": [
      0.023255,
      0.01509776,
      0.16756824
    ],
    "vk0056_tablefork": [
      0.0275079,
      0.02012614,
      0.19731236
    ],
    "vk0067_fishfork": [
      0.02527534,
      0.02021141,
      0.18699258
    ]
  },
  "knife": {
    "vk0007_steak_knife": [
      0.02306389,
      0.00969853,
      0.215511
    ],
    "vk0014_dinner_knife_subd2": [
      0.02574831,
      0.0101727,
      0.2243214
    ],
    "vk0055_tableknife": [
      0.02437776,
      0.00491894,
      0.2249398
    ]
  },
  "oven": {
    "b05_beko_oie_22500x_2013__corona": [
      0.5921968,
      0.58794776,
      0.51827
    ],
    "b05_dacor_double_wall_oven": [
      0.5853419,
      0.93433396,
      0.5397274
    ],
    "b05_max2013vray_oven_by_whirlpool_akzm8910ixl": [
      0.6000029,
      0.599993,
      0.5537239
    ],
    "duhovka": [
      0.6000002,
      0.46375107,
      0.6315914
    ],
    "vraymax2013_oven_akzm6610ixl_by_whirlpool": [
      0.6000027,
      0.599993,
      0.5537239
    ]
  },
  "pan": {
    "b03_696615_object001": [
      0.2649726,
      0.08006693,
      0.2451728
    ],
    "b03_object05": [
      0.19067504,
      0.04447855,
      0.1632252
    ],
    "int_kitchen_accessories_le_creuset_frying_pan_28cm": [
      0.2756804,
      0.08723689,
      0.5563318
    ],
    "measuring_pan": [
      0.25077988,
      0.0603313,
      0.1596615
    ],
    "object05": [
      0.4440946,
      0.0730876,
      0.2682132
    ],
    "pan01": [
      0.2690022,
      0.19304043,
      0.5856907
    ],
    "pan02": [
      0.360093,
      0.2584088,
      0.7789952
    ],
    "pan03": [
      0.3600931,
      0.2584088,
      0.46237403
    ],
    "pan04": [
      0.1812382,
      0.13005949,
      0.3929117
    ],
    "pan05": [
      0.4857202,
      0.15168919,
      0.9216659
    ],
    "skillet_closed": [
      0.3648567,
      0.1034683,
      0.4753393
    ],
    "skillet_open_no_lid": [
      0.3024195,
      0.06971715,
      0.543484
    ]
  },
  "pot": {
    "b03_aluminum_pan": [
      0.4157546,
      0.27604123,
      0.323567
    ],
    "b03_cooking_pot_01": [
      0.3220465,
      0.172665,
      0.3004516
    ],
    "pan1": [
      0.3282381,
      0.20114312,
      0.2793633
    ],
    "pan3": [
      0.4932329,
      0.27338731,
      0.2903514
    ],
    "pot": [
      0.3865197,
      0.337375,
      0.4576438
    ]
  },
  "refridgerator": {
    "b03_ka90ivi20r_2013__vray": [
      0.9108776,
      1.76716712,
      0.6892624
    ],
    "b05_db_apps_tech_06_02_2": [
      0.8143889,
      1.60927512,
      0.6852298
    ],
    "b05_ikea_nutid_side_by_side_refrigerator": [
      1.1336582,
      1.75141412,
      1.0578756
    ],
    "fridge_large": [
      0.9118316,
      1.76000006,
      0.7813477
    ]
  },
  "soap_dispenser": {
    "b05_bathroom_dispenser": [
      0.04740774,
      0.1708347,
      0.04748672
    ],
    "b05_gold_glass_soap_dispenser(max)": [
      0.09301383,
      0.22093621,
      0.07729675
    ],
    "blue_edition_liquid_soap02": [
      0.07494182,
      0.1512459,
      0.07495788
    ],
    "filler_2010": [
      0.09291648,
      0.221072,
      0.0912154
    ],
    "kosmos_black_soap_dispenser": [
      0.05721118,
      0.1808983,
      0.1152012
    ],
    "soap_dispenser_01": [
      0.09130011,
      0.1850001,
      0.07102962
    ]
  },
  "spoon": {
    "vk0002_teaspoon": [
      0.03358698,
      0.01564679,
      0.1367602
    ],
    "vk0054_teaspoon": [
      0.03000279,
      0.0168346,
      0.1357824
    ],
    "vk0058_tablespoon": [
      0.0430212,
      0.02517122,
      0.19287132
    ],
    "vk0060_dessertspoon": [
      0.03815914,
      0.02205654,
      0.17000854
    ],
    "vk0078_fruitspoon": [
      0.02740387,
      0.01757466,
      0.14095614
    ],
    "vk0080_soupspoon": [
      0.04390078,
      0.02003102,
      0.1639865
    ]
  },
  "table_lamp": {
    "kevin_reilly_pattern_table_lamp": [
      0.4218154,
      0.78700153,
      0.3691399
    ],
    "lamp_02": [
      0.4670802,
      0.6642901,
      0.4670806
    ],
    "spunlight_designermesh_lamp": [
      0.3978088,
      0.5867645,
      0.4
    ]
  },
  "toaster": {
    "b05_delonghi_icona_toaster": [
      0.3021794,
      0.20531173,
      0.3151269
    ],
    "b06_21_dualit_original_toaster_4x": [
      0.3516874,
      0.22357012,
      0.2420182
    ],
    "russell_hobbs_2013__vray": [
      0.1702945,
      0.18163071,
      0.2900502
    ],
    "toaster_002": [
      0.3730932,
      0.1834687,
      0.17
    ],
    "toaster_b": [
      0.2870893,
      0.2450076,
      0.18569292
    ],
    "vray_077": [
      0.17598884,
      0.20006482,
      0.3350978
    ],
    "vray_083": [
      0.2056485,
      0.21147653,
      0.3125638
    ],
    "vray_084": [
      0.3183718,
      0.23306493,
      0.167386
    ],
    "vray_085": [
      0.19515407,
      0.18291372,
      0.255544
    ]
  },
  "wine_glass": {
    "b04_cantate_crystal_wine_glass": [
      0.09073482,
      0.2409313,
      0.0907349
    ],
    "b04_wineglass": [
      0.05975832,
      0.2091141,
      0.05976184
    ],
    "glass1": [
      0.07537587,
      0.1577054,
      0.07537586
    ],
    "glass2": [
      0.05609027,
      0.10785038,
      0.05609026
    ],
    "glass3": [
      0.08361627,
      0.2001192,
      0.08361627
    ]
  }
}