{
  "4ft_shelf_metal": {
    "size": [
      0.9451682,
      0.3857702
    ],
    "ys": [
      0.40797001123428345,
      0.8050058484077454,
      1.200427532196045
    ]
  },
  "4ft_wood_shelving": {
    "size": [
      0.9451682,
      0.3857702
    ],
    "ys": [
      0.40797001123428345,
      0.8050058484077454,
      1.200427532196045
    ]
  },
  "5ft_shelf_metal": {
    "size": [
      0.85065138,
      0.34719345
    ],
    "ys": [
      0.33903638,
      0.73496544,
      1.13089252,
      1.51810455
    ]
  },
  "5ft_wood_shelving": {
    "size": [
      0.85065138,
      0.34719345
    ],
    "ys": [
      0.33903608,
      0.73496497,
      1.1308918,
      1.51810372
    ]
  },
  "6ft_shelf_metal": {
    "size": [
      0.85065102,
      0.34719435
    ],
    "ys": [
      0.23687799,
      0.63233,
      1.02965903,
      1.4213599,
      1.81870079
    ]
  },
  "6ft_wood_shelving": {
    "size": [
      0.85065102,
      0.34719435
    ],
    "ys": [
      0.23687607,
      0.63232845,
      1.02965784,
      1.42135918,
      1.81870043
    ]
  }
}